Goals_pG,Assists_pG,Yel_pG,Red_pG,Shot_pG,Pass_success_rate,AerialsWon_pG,Rating
0.538461538,0.769230769,0,0,4.3,83.4,0,8.65
0.785714286,0.642857143,0.214285714,0,2.4,82.6,0.1,7.96
1.384615385,0.230769231,0.153846154,0,4,76.5,1,7.9
0.857142857,0.142857143,0.142857143,0,4.3,84,0.4,7.87
0.214285714,0.642857143,0,0,2.4,79.5,0.4,7.76
0.571428571,0.214285714,0,0,3,76.4,4,7.76
0.928571429,0.285714286,0,0.071428571,3.6,80,1.1,7.73
0.133333333,0.2,0.2,0,1.2,89.2,0.7,7.67
0.333333333,0.555555556,0,0,1.2,86.4,0.2,7.65
0.642857143,0.428571429,0,0,2.6,83.9,0.5,7.64
0.066666667,0.2,0.2,0,0.4,77.3,1.2,7.6
0.357142857,0.357142857,0.285714286,0,3.6,81.9,1.7,7.59
0.5,0.416666667,0,0,2.8,81.6,0.2,7.55
0.8,0.066666667,0.266666667,0,3.7,73.3,1.2,7.47
0.666666667,0.2,0.133333333,0,3.7,73.3,1.3,7.45
0.2,0.133333333,0.266666667,0,2.1,82.5,1.5,7.45
0.428571429,0.214285714,0.214285714,0,2.6,82,0,7.44
0.6,0.2,0.133333333,0,3.1,73.1,0.7,7.44
0.8,0,0.066666667,0,2.9,82.6,0.8,7.43
0.714285714,0.142857143,0.285714286,0,3.3,62.5,5.1,7.42
0.75,0,0.333333333,0,4.7,57.2,5.2,7.42
0.133333333,0.2,0.066666667,0,1.3,84.8,0.4,7.42
0.818181818,0.181818182,0.090909091,0,4.4,74,2.3,7.42
0.214285714,0.5,0.428571429,0,1.5,76.3,2.2,7.41
0.6,0.133333333,0,0,2.3,80.1,0.4,7.41
0.357142857,0.285714286,0.071428571,0.071428571,2.7,65.9,1.9,7.4
0.4,0.333333333,0.2,0,2.8,81,1.3,7.4
0.333333333,0.333333333,0.083333333,0,3.3,88.1,0.7,7.4
0.538461538,0.307692308,0.384615385,0,3,84.2,0.2,7.39
0.461538462,0.153846154,0.153846154,0,2.3,81.3,0.5,7.38
0.5,0.214285714,0.071428571,0,1.9,85.6,0.6,7.37
0.555555556,0.222222222,0.222222222,0,2.9,82.8,0.2,7.36
0.4,0.2,0.133333333,0,2.5,56,4.9,7.36
0.285714286,0.428571429,0.214285714,0,2.1,83.9,0.3,7.35
0.357142857,0.142857143,0.071428571,0,2.4,85.1,0.4,7.35
0.428571429,0.142857143,0.071428571,0,2.2,89.5,0.9,7.35
0,0.230769231,0.076923077,0,1.5,91.1,2.7,7.34
0.071428571,0.071428571,0.285714286,0,0.9,84.8,3.5,7.34
0.285714286,0.357142857,0.214285714,0,2.1,84.7,0.1,7.33
0.25,0.166666667,0.083333333,0,0.8,83.1,0.3,7.33
0.6,0.2,0.2,0,3.3,83.9,0.3,7.33
0.533333333,0.2,0,0,2.7,83.1,0.1,7.33
0.6,0.1,0.1,0,2.4,80.5,0.9,7.32
0.285714286,0.142857143,0.357142857,0,0.9,86.1,0.9,7.32
0.071428571,0.428571429,0.357142857,0,1.7,77,3.3,7.31
0.714285714,0.142857143,0.357142857,0,2.9,64.1,3.1,7.3
0.6,0.2,0,0,1.5,75.5,1,7.29
0.272727273,0.181818182,0.090909091,0,1.2,85.5,1,7.28
0.384615385,0.230769231,0.230769231,0,3.1,83.8,0.3,7.27
0.181818182,0,0.090909091,0,1.1,87.5,1.2,7.27
0.357142857,0.642857143,0.071428571,0.071428571,2,65.8,1.4,7.25
0.384615385,0.307692308,0,0,1.5,78.8,0.5,7.25
0.153846154,0.076923077,0,0,1,90.5,0.5,7.24
0,0.416666667,0.166666667,0,0.5,83.1,0.7,7.23
0.076923077,0.538461538,0,0.076923077,1.4,83.2,0.1,7.23
0.076923077,0.076923077,0.384615385,0,1.5,81.7,1.8,7.22
0.153846154,0.076923077,0.384615385,0,1.9,79.9,2.5,7.22
0.214285714,0,0,0,0.7,91.1,0.1,7.21
0,0,0.357142857,0,0.2,94,0.2,7.21
0.2,0,0.066666667,0,1,88.4,3.5,7.21
0.076923077,0.307692308,0.153846154,0,2.5,79.5,0.5,7.21
0.466666667,0.2,0.066666667,0,3.4,75.1,1.1,7.21
0.076923077,0,0.153846154,0,1.1,89.1,1.5,7.21
0.538461538,0.230769231,0,0,2.5,79.6,1,7.2
0.357142857,0.214285714,0,0,1.9,84.7,0.5,7.2
0.384615385,0.230769231,0.153846154,0,1.7,83.9,0.2,7.19
0.533333333,0.066666667,0,0,2.5,85.5,0.3,7.19
0.2,0.133333333,0.266666667,0,1.1,81,0.9,7.19
0.428571429,0.142857143,0.285714286,0,2.1,84.3,0.6,7.18
0.222222222,0.333333333,0.111111111,0.111111111,2.1,81.6,0.1,7.18
0.153846154,0.230769231,0.076923077,0,1.8,88.5,1.4,7.18
0.142857143,0.285714286,0.071428571,0,1.7,87.5,0.5,7.17
0.5,0.071428571,0.071428571,0,2.7,61.8,5.1,7.17
0,0.214285714,0.071428571,0,1.4,89.7,0.5,7.17
0.428571429,0.214285714,0.071428571,0,2.9,74.8,0.7,7.17
0.071428571,0,0.285714286,0,1.1,75.7,2.4,7.17
0,0.2,0.1,0,1,83.8,0.8,7.17
0,0,0.181818182,0,0,60.3,0,7.17
0.153846154,0.076923077,0.384615385,0,2,77.8,0.6,7.16
0.2,0.333333333,0,0,1.7,84.3,0,7.16
0.545454545,0.272727273,0.181818182,0,2.5,75.1,0.5,7.16
0.538461538,0.230769231,0.076923077,0,1.5,84.5,0.4,7.15
0,0.166666667,0.083333333,0,1.2,93.2,1.8,7.15
0,0,0.066666667,0,0,86.8,0.2,7.15
0.142857143,0.071428571,0.214285714,0.071428571,1.1,87.3,1.7,7.15
0.076923077,0,0.153846154,0,0.9,83.5,3.2,7.14
0,0,0,0,0,74.3,0.5,7.14
0.166666667,0.083333333,0,0,1.1,82.3,1.3,7.14
0,0,0.071428571,0,0,83.7,0.2,7.14
0.666666667,0.083333333,0.25,0.083333333,3.1,61.1,4.8,7.14
0.4,0.2,0.066666667,0,1.9,80.9,0.2,7.13
0,0,0,0,0,80.5,0,7.13
0.466666667,0.066666667,0.333333333,0,2.5,72.9,0.7,7.13
0.142857143,0.357142857,0.071428571,0,1,89.9,0,7.12
0.066666667,0.266666667,0.133333333,0,1.8,82.6,0.2,7.12
0,0.071428571,0.214285714,0,0.7,84.4,2.1,7.12
0.428571429,0.285714286,0.142857143,0.071428571,3.6,79.4,0.7,7.12
0.142857143,0,0.142857143,0,0.4,89.6,3.1,7.11
0.466666667,0.133333333,0.133333333,0,1.6,68,1.1,7.1
0.166666667,0.166666667,0,0,1.8,89.7,0.9,7.1
0.133333333,0.4,0.066666667,0,2.9,80.2,0.1,7.1
0,0,0.166666667,0,0.7,88.7,1.1,7.1
0.230769231,0.153846154,0,0,2.8,80.6,0.3,7.1
0.214285714,0.071428571,0.214285714,0,0.6,89.2,0.3,7.09
0.714285714,0,0.071428571,0,1.9,74.7,0.9,7.09
0.444444444,0.222222222,0.222222222,0,1.7,71.9,0.2,7.09
0.066666667,0.066666667,0.133333333,0,0.4,88.7,0.9,7.09
0.230769231,0.153846154,0,0,2.3,90.7,0.5,7.08
0.133333333,0.066666667,0.133333333,0,0.6,84.2,3.4,7.08
0.1,0,0.3,0,1,75.3,1.6,7.08
0.1,0.1,0.1,0,1.9,80.2,0.4,7.08
0,0.083333333,0,0,0.6,89.1,0.2,7.08
0.083333333,0.25,0.083333333,0,0.4,85.9,0.4,7.08
0,0.307692308,0.307692308,0,0.7,75.2,1.2,7.07
0,0.083333333,0.083333333,0,0,75.4,0.2,7.07
0.181818182,0.636363636,0.181818182,0,1.4,71.9,0.5,7.07
0.214285714,0.142857143,0.071428571,0,1.1,89.2,0.4,7.07
0.090909091,0.181818182,0,0.090909091,1.1,94.6,0.3,7.06
0.357142857,0.285714286,0.071428571,0.071428571,2.1,72.5,0.4,7.06
0.090909091,0.090909091,0.181818182,0,0.8,79.1,2.1,7.06
0.461538462,0.153846154,0.230769231,0,2.7,82.9,0.3,7.06
0.333333333,0.133333333,0.066666667,0,1,79.2,0.4,7.06
0.272727273,0,0.181818182,0,1,90.5,0.6,7.05
0.357142857,0,0.285714286,0,1.9,88.7,0.6,7.05
0.272727273,0.090909091,0.090909091,0,2,82.1,1.6,7.05
0.5,0.142857143,0.071428571,0,2.6,74.2,0.4,7.05
0.545454545,0.181818182,0.090909091,0,2.5,71.6,1,7.05
0,0.083333333,0.166666667,0,0.4,81.7,2.2,7.04
0.076923077,0.076923077,0.153846154,0,0.8,79.5,2.5,7.04
0.214285714,0.214285714,0.071428571,0,1.9,75.3,0.4,7.04
0,0,0,0,0,75.7,0.2,7.04
0.2,0.133333333,0.066666667,0,1,79.9,0.3,7.03
0.333333333,0.333333333,0.133333333,0,0.9,84,0.9,7.03
0,0.166666667,0.083333333,0,0.5,89.6,2.3,7.03
0.071428571,0.357142857,0,0,1.4,76.3,0.2,7.03
0,0,0.090909091,0,0.5,81.5,2.3,7.03
0.333333333,0.083333333,0.166666667,0.083333333,2.1,77.7,0.5,7.03
0,0.214285714,0.214285714,0.071428571,1.1,85.7,0.4,7.03
0.214285714,0.214285714,0.142857143,0,1.1,85.1,1.1,7.03
0,0.071428571,0,0,0,81.6,0.3,7.03
0.166666667,0,0.25,0,0.3,85.4,3.1,7.03
0.071428571,0,0,0,0.5,89.5,2.1,7.03
0.285714286,0.142857143,0.214285714,0,2.2,63.7,4.6,7.03
0.357142857,0,0.214285714,0,1.6,77,2.4,7.02
0.142857143,0,0.214285714,0,0.9,75.2,0.8,7.02
0,0,0.25,0,0.9,83.3,1.2,7.02
0,0,0.090909091,0,0,67.3,0.3,7.02
0.466666667,0.2,0.133333333,0.066666667,2.9,70.6,1.3,7.02
0.066666667,0.133333333,0.2,0,0.5,86.4,2.5,7.02
0.133333333,0.266666667,0,0,1.5,78.6,0.1,7.02
0.153846154,0.153846154,0.384615385,0,2.2,79.5,1.4,7.01
0,0,0.307692308,0,0.4,88.5,2.5,7.01
0,0.142857143,0.142857143,0.071428571,0.4,82.4,4,7.01
0.066666667,0.4,0.266666667,0,0.9,71.2,0.9,7.01
0.066666667,0,0.2,0,0.6,89.3,1.6,7.01
0.6,0.1,0,0,3.1,71.3,1.7,7
0.142857143,0.071428571,0.142857143,0,1.3,78.8,0.1,7
0.285714286,0,0.428571429,0,1.9,85.1,0.8,7
0.076923077,0.230769231,0.230769231,0,1.5,70,2.5,7
0,0.25,0.166666667,0,0.5,91.7,0.3,7
0.076923077,0.384615385,0.153846154,0,0.5,78.5,0.1,7
0,0.076923077,0.384615385,0,0.8,77.8,1.8,7
0.230769231,0.230769231,0.076923077,0,2.3,84.3,0.6,7
0.266666667,0.133333333,0,0,0.9,82.6,0.3,6.99
0.066666667,0.133333333,0.133333333,0,0.7,88.1,1,6.99
0.142857143,0.214285714,0,0,1.9,84.5,0.4,6.99
0,0,0.133333333,0,0.7,81.6,3,6.99
0.142857143,0,0,0,1.6,75.9,2.4,6.99
0.066666667,0.2,0.133333333,0,0.7,82.5,2.3,6.99
0.142857143,0.071428571,0.071428571,0,0.7,78,3.6,6.99
0.5,0.142857143,0.142857143,0,2,79.6,0.6,6.99
0,0,0.111111111,0,0.3,85.9,2,6.99
0.066666667,0.2,0.2,0,1.1,80.7,0.5,6.99
0.2,0.2,0.066666667,0,2.8,71.9,0.7,6.98
0.066666667,0.066666667,0.2,0,0.6,88.9,2.5,6.98
0.428571429,0.214285714,0,0,3.6,76.4,0.1,6.98
0.266666667,0.066666667,0.2,0,1.8,76.4,0.8,6.98
0,0.133333333,0.133333333,0,0.6,83.4,1.3,6.98
0,0,0,0,0,74,0.1,6.98
0.5,0.2,0,0.1,3.9,74.3,1.4,6.98
0.142857143,0.214285714,0.285714286,0,1.4,82.3,0.2,6.97
0.142857143,0,0.142857143,0,0.9,89.9,2.1,6.97
0.266666667,0.2,0.2,0,2,82.6,0.9,6.97
0.111111111,0.555555556,0,0,1.4,84.5,0.2,6.97
0,0.071428571,0.214285714,0,0,55.7,0.2,6.97
0.3,0,0,0,1.8,70.1,1.7,6.97
0,0.142857143,0.142857143,0,0.8,89,0.3,6.97
0.090909091,0.181818182,0.090909091,0.090909091,1.4,69.6,0.5,6.97
0.2,0.066666667,0.066666667,0,1.1,86.4,0.8,6.97
0,0,0.066666667,0,0.3,90.5,2.1,6.97
0,0.1,0.1,0,1.5,79.9,0.9,6.97
0.142857143,0,0.214285714,0,2.7,82.6,0.5,6.97
0.466666667,0.2,0.066666667,0,1.6,69.2,0.5,6.96
0.692307692,0.076923077,0.076923077,0,3,72.6,1.2,6.96
0.230769231,0.076923077,0,0,2,74.2,1.4,6.96
0,0,0.285714286,0,0.3,81.9,2.6,6.96
0,0.133333333,0.066666667,0,0.8,88.5,0.8,6.96
0.357142857,0.071428571,0,0,2.4,70.5,0.8,6.96
0.066666667,0.133333333,0.133333333,0,1.2,90.4,1,6.96
0.066666667,0,0.066666667,0,0.3,88.5,2.1,6.96
0.181818182,0.363636364,0.181818182,0,2.1,81.1,0.5,6.95
0.111111111,0.111111111,0.555555556,0,0.6,79.5,2.1,6.95
0.214285714,0.214285714,0,0,1.7,79.1,0.4,6.95
0.142857143,0.142857143,0.285714286,0.071428571,1.1,85.4,3.5,6.95
0.142857143,0,0.357142857,0,1.1,83,2.1,6.95
0,0,0.111111111,0,0.3,81.7,1.4,6.95
0,0,0,0,0,48.1,0,6.95
0.214285714,0,0.285714286,0,2,80.3,0.5,6.95
0.4,0.1,0.1,0,2.4,69.4,1.7,6.95
0.272727273,0,0.090909091,0,0.9,73.5,0.5,6.95
0,0.1,0.2,0,0.5,87.9,0.3,6.95
0.230769231,0.153846154,0.230769231,0,1.4,90.7,0.5,6.95
0.4,0.133333333,0.066666667,0,2.4,72.9,1.6,6.94
0.272727273,0.272727273,0.090909091,0.090909091,2,80.2,0.1,6.94
0.153846154,0,0.307692308,0,1,88.9,0.5,6.94
0.111111111,0,0.222222222,0.111111111,1.1,78.9,3.4,6.94
0,0,0,0,0,73.5,0.1,6.94
0.230769231,0.230769231,0.076923077,0,1.6,51.9,4.4,6.94
0.461538462,0.153846154,0.076923077,0,1.7,79.8,0.3,6.94
0.133333333,0.266666667,0.066666667,0,1.7,76.5,0.8,6.94
0.133333333,0.133333333,0.133333333,0,1.7,74,0.1,6.94
0.357142857,0.071428571,0.214285714,0,2.1,61.9,2.2,6.94
0.066666667,0.066666667,0.066666667,0,0.2,94,0.4,6.93
0.133333333,0.066666667,0.133333333,0,3,85.1,0.5,6.93
0,0.071428571,0.071428571,0,0.4,85.2,0.4,6.93
0,0.076923077,0,0,0.8,78.7,1.8,6.93
0.266666667,0.066666667,0.066666667,0,1.9,84.4,0.9,6.93
0.25,0,0.25,0,2.3,86.4,0.7,6.93
0.384615385,0.153846154,0.153846154,0,1.9,82.1,0.2,6.93
0.266666667,0.066666667,0.066666667,0,0.9,77,1.7,6.92
0,0,0.222222222,0,0,64.3,0.6,6.92
0,0,0.066666667,0,0,66.8,0.4,6.92
0,0,0,0,0,67.1,0.1,6.92
0.071428571,0,0.071428571,0.071428571,1.1,81.7,0.7,6.92
0.083333333,0,0.083333333,0,0.8,83.5,0.5,6.92
0.266666667,0.133333333,0.2,0,2.6,72,1.3,6.92
0.076923077,0,0.230769231,0,0.8,91,2.1,6.92
0.066666667,0.333333333,0.066666667,0,0.9,80.5,0.1,6.91
0.153846154,0.153846154,0.076923077,0,2,79.4,0.2,6.91
0.076923077,0,0.153846154,0,0.6,81,2.5,6.91
0.357142857,0.142857143,0.142857143,0,1.2,77.5,0.1,6.91
0,0.142857143,0,0,0.9,78.3,0.6,6.91
0.25,0,0.083333333,0,0.7,88.3,1.8,6.91
0,0.142857143,0.071428571,0,1.9,76.7,1.4,6.91
0.071428571,0,0.285714286,0,0.8,87.3,1.1,6.91
0,0.071428571,0.214285714,0,1,88.3,0.5,6.91
0.066666667,0.066666667,0.066666667,0,1.1,76.9,2.2,6.91
0,0,0,0,0,62.3,0.2,6.9
0.142857143,0,0,0,1.4,65.6,2.9,6.9
0.384615385,0.153846154,0.076923077,0,1.5,74.1,0.3,6.9
0,0,0,0,0,83.8,0.2,6.9
0.444444444,0.111111111,0.111111111,0,3,74.7,0.2,6.9
0.090909091,0.090909091,0.181818182,0,1.1,81.6,0.5,6.9
0.2,0.1,0.1,0,1.2,72,0.8,6.9
0.333333333,0,0,0,3,83,0.4,6.9
0,0.416666667,0.333333333,0,0.7,79.8,0.8,6.9
0,0,0,0,0,63.2,0.5,6.89
0,0.266666667,0.066666667,0,0.5,80.4,1.7,6.89
0,0,0.2,0,0.3,77.7,3.9,6.89
0.2,0,0,0,1.5,78.1,0.1,6.89
0.2,0,0.2,0,0.6,88.2,1.9,6.89
0.230769231,0.076923077,0.153846154,0,1.5,72.8,0.3,6.89
0,0.083333333,0.333333333,0.083333333,0.2,89.1,2.2,6.89
0.181818182,0,0.181818182,0,1.5,82,2.6,6.88
0,0,0,0,0,71.6,0.3,6.88
0,0.090909091,0.090909091,0,1.6,87.8,0.1,6.88
0,0,0.133333333,0,0,68.7,0.3,6.88
0.083333333,0.166666667,0.166666667,0,0.9,85.3,0.2,6.88
0.214285714,0.214285714,0.071428571,0,1.9,77.5,0.1,6.88
0,0.083333333,0.333333333,0,0.5,67.6,1.6,6.88
0,0,0,0,0,63.1,0.3,6.88
0.416666667,0,0.083333333,0,1.9,81.6,1.2,6.88
0.428571429,0.214285714,0,0,1.9,71.2,0.1,6.88
0,0.142857143,0.214285714,0,0.4,86.4,0.9,6.88
0,0.133333333,0.066666667,0,1.2,82.7,0.3,6.88
0.615384615,0.153846154,0,0.076923077,2.4,73.5,0.7,6.87
0,0,0.142857143,0,0.2,86.9,1.2,6.87
0,0,0.2,0,0.7,81.1,0.6,6.87
0,0,0.25,0,0.3,80.7,1,6.87
0.066666667,0.2,0.066666667,0,1.3,84.3,0.2,6.87
0.066666667,0.333333333,0.266666667,0,1.1,83.5,0.1,6.87
0.076923077,0,0.307692308,0,0.4,83.1,2.8,6.87
0.153846154,0.153846154,0.153846154,0,0.9,82,1.5,6.87
0.384615385,0.230769231,0.076923077,0.076923077,2.9,63.3,3.2,6.87
0,0,0.272727273,0.090909091,0.9,90.1,0.5,6.87
0.2,0.133333333,0.066666667,0,0.8,83.5,0.1,6.86
0.181818182,0.090909091,0.090909091,0,0.5,84.9,2.9,6.86
0.071428571,0,0.071428571,0,0.7,95.1,1.1,6.86
0.181818182,0,0.272727273,0,0.5,86.1,1.9,6.86
0,0,0.133333333,0,0,67.1,0.2,6.86
0.214285714,0,0.285714286,0,0.9,71.9,1.1,6.86
0,0,0,0,0,80.2,0.5,6.86
0.181818182,0.090909091,0.363636364,0,0.7,82,0.5,6.86
0.066666667,0,0,0,0.7,85.1,1.9,6.86
0.266666667,0,0.133333333,0,2,77.1,0.7,6.86
0.461538462,0.076923077,0.230769231,0.076923077,2.3,60.2,1.5,6.86
0.076923077,0.076923077,0.153846154,0.076923077,0.5,88,0.4,6.85
0,0,0.153846154,0,1.2,73.5,0.4,6.85
0.133333333,0.133333333,0,0,1.7,85.6,0.5,6.85
0.071428571,0.071428571,0.142857143,0,0.7,82.2,2.9,6.85
0.071428571,0.142857143,0,0,0.6,80.6,1.5,6.85
0.066666667,0.066666667,0.066666667,0,1.4,87.3,0.3,6.85
0,0,0.133333333,0,0,53.5,0.1,6.85
0.166666667,0.083333333,0,0,0.8,79.3,1.6,6.85
0,0.222222222,0,0,0.7,81.1,0.4,6.84
0.111111111,0.333333333,0,0.111111111,1.6,85.4,0.3,6.84
0.181818182,0.181818182,0,0,0.7,85.8,0.6,6.84
0.466666667,0.066666667,0.066666667,0,1.6,79.8,0.1,6.84
0.1,0.1,0.1,0,0.7,85.9,0.7,6.84
0,0.066666667,0.266666667,0,0.5,84.7,1.9,6.84
0,0,0.066666667,0,0,49.8,0.4,6.84
0.083333333,0,0,0.083333333,0.9,80.3,0.8,6.84
0.181818182,0.181818182,0.363636364,0,1.5,69.5,0.8,6.84
0.076923077,0.153846154,0.307692308,0,1.3,76.8,0.5,6.84
0.214285714,0.071428571,0.071428571,0,1.3,85.1,1.5,6.84
0.181818182,0.090909091,0.090909091,0,1.4,74.8,1.4,6.83
0.066666667,0.133333333,0.133333333,0,0.8,83.2,1.3,6.83
0.066666667,0,0.266666667,0,0.9,81.9,1.6,6.83
0.142857143,0.142857143,0.142857143,0,1.6,73.7,2.4,6.83
0.142857143,0.142857143,0.142857143,0,1.6,80.7,0.3,6.83
0.133333333,0.066666667,0.066666667,0,1.3,73.1,0.5,6.83
0.142857143,0.071428571,0.285714286,0,0.2,92.1,1.4,6.83
0.1,0.2,0,0,1.6,79.7,0.3,6.83
0.230769231,0.230769231,0,0,1.9,72.5,1.2,6.83
0.333333333,0,0,0,1.7,80.6,0.5,6.83
0.071428571,0.071428571,0.142857143,0,0.7,86.9,0.4,6.83
0.307692308,0,0.153846154,0,1.5,65.6,0.5,6.83
0,0,0.307692308,0,0.1,88.5,2,6.83
0.333333333,0.083333333,0,0.083333333,1.3,68.4,0.3,6.83
0.071428571,0,0.142857143,0,1,77.5,0.6,6.83
0.428571429,0,0.071428571,0,2.2,69.3,0.4,6.82
0,0,0,0,0.2,87,0.3,6.82
0.266666667,0.066666667,0,0,1.3,60.6,5,6.82
0.615384615,0,0.307692308,0,1.8,72.1,0.5,6.82
0,0,0.285714286,0,0.5,89,1.1,6.82
0,0,0.2,0,0,63.4,0.2,6.82
0.333333333,0.133333333,0.266666667,0,2.2,47.7,2.2,6.82
0.083333333,0,0.166666667,0,0.4,91.9,2.2,6.82
0,0,0.181818182,0.090909091,0.2,88.8,2.5,6.82
0.133333333,0.133333333,0.133333333,0,1.8,63.9,0.7,6.82
0.090909091,0,0.090909091,0,0.7,93.4,1.2,6.82
0.133333333,0.066666667,0,0,1,77.9,0,6.82
0,0.2,0.2,0,0,91.6,1.3,6.82
0.3,0.4,0.5,0.1,2.2,50.4,2.4,6.82
0,0.142857143,0.285714286,0.071428571,0.4,76.9,1.5,6.81
0.214285714,0.214285714,0.071428571,0,1.4,79.4,0.2,6.81
0.2,0.066666667,0,0,2.3,74.3,1.8,6.81
0,0.090909091,0.090909091,0,0.9,76.6,2.2,6.81
0.2,0.066666667,0.2,0,1.1,78.5,0.9,6.81
0,0.214285714,0.071428571,0,0.7,69,0.5,6.81
0,0,0,0,0.5,85.7,2,6.81
0,0,0.1,0,1,88.4,1.5,6.81
0,0,0.071428571,0,0,51,0.2,6.8
0.071428571,0.071428571,0.357142857,0,0.7,86.6,0.7,6.8
0,0,0,0,0.4,92.2,2.2,6.8
0,0,0.3,0.1,0.9,89.2,0.4,6.8
0.285714286,0.142857143,0.071428571,0,2.3,75.7,1,6.8
0.153846154,0,0.230769231,0,0.9,86.2,0.7,6.8
0,0,0.2,0,1.3,68.7,0.6,6.8
0.428571429,0.142857143,0.071428571,0,1.1,77.7,0.6,6.8
0.533333333,0.066666667,0.066666667,0,2.6,66,0.5,6.8
0,0.333333333,0,0,0.4,83.2,0.7,6.79
0,0.25,0.166666667,0,0.3,79.8,0.7,6.79
0.166666667,0,0.333333333,0,1.8,72.7,1.3,6.79
0.111111111,0,0.222222222,0.111111111,0.8,85.2,1.9,6.79
0.090909091,0,0.272727273,0.090909091,0.6,87.8,2.6,6.79
0,0.333333333,0.555555556,0,0.3,73.9,1.1,6.79
0,0,0.142857143,0,0.4,81.3,1.6,6.79
0.076923077,0.153846154,0.076923077,0,1.1,78.7,0.2,6.79
0.133333333,0,0.133333333,0,0.9,84.9,0.5,6.78
0,0,0.555555556,0,1.2,87.3,1.9,6.78
0,0,0.214285714,0,0.2,86.4,1.3,6.78
0.071428571,0,0.071428571,0,1.1,88.8,2.7,6.78
0,0.1,0.2,0,0.4,90.4,0.2,6.78
0,0,0.166666667,0,0,65.6,0.3,6.78
0.083333333,0,0.083333333,0,0.7,88,2.8,6.78
0.066666667,0,0,0,0.5,87.9,2.7,6.78
0.285714286,0.071428571,0,0,2.1,70.7,2.3,6.78
0,0,0.142857143,0,1.1,89.1,1.3,6.78
0,0,0,0,0,64.9,0.3,6.78
0,0,0.076923077,0,0,67.5,0,6.78
0.2,0,0.3,0.1,0.4,84.4,1,6.78
0.461538462,0,0,0,2.5,75.3,0.8,6.78
0.111111111,0,0.222222222,0,0.3,91.4,0.9,6.78
0.066666667,0,0.133333333,0,0.4,92.3,0.6,6.78
0.285714286,0.071428571,0.071428571,0,2,60.4,2.1,6.78
0.090909091,0,0.363636364,0,1,88.4,1.1,6.78
0,0.071428571,0.285714286,0,0.9,87.8,1.1,6.77
0,0.272727273,0,0,0.4,87.9,0.7,6.77
0,0.066666667,0.133333333,0,0.1,85.4,1.6,6.77
0,0,0.222222222,0,1.2,73.6,1.4,6.77
0.083333333,0,0.5,0.083333333,0.7,80.4,2.6,6.77
0.466666667,0,0.066666667,0,2.5,70.8,0.3,6.77
0,0,0.3,0,0,87.8,2.4,6.77
0,0.230769231,0.076923077,0,0.8,78.6,0.5,6.77
0.133333333,0.133333333,0.133333333,0,0.7,80.3,0.5,6.77
0.166666667,0.083333333,0.083333333,0,0.6,86.7,1.7,6.77
0.266666667,0.066666667,0.2,0,2.4,61.9,2.1,6.76
0,0,0.133333333,0,0.6,79.9,2.1,6.76
0.153846154,0.153846154,0.153846154,0,1.2,71.8,1.2,6.76
0.1,0.1,0.1,0,1,73.3,0.4,6.76
0.133333333,0.266666667,0.2,0,1.3,68.1,0.3,6.76
0,0.076923077,0.230769231,0.076923077,0.4,95.6,1.5,6.76
0.066666667,0.133333333,0.066666667,0,0.6,86.4,0.5,6.76
0.133333333,0,0.066666667,0,0.6,87.6,1.9,6.76
0.1,0.1,0,0,0.7,84.2,1.2,6.76
0,0.071428571,0.142857143,0,0.4,90.6,0.9,6.76
0,0,0,0,0,81.1,0.4,6.76
0,0.2,0,0,1.1,79,0.2,6.75
0,0,0.214285714,0,0.6,91.3,2,6.75
0.066666667,0.133333333,0.133333333,0,1.3,78.3,1.3,6.75
0,0,0.066666667,0,1,81.2,1.9,6.75
0,0,0.071428571,0,0,74.4,0.4,6.75
0.071428571,0.142857143,0.285714286,0,0.6,84.6,0.4,6.75
0,0,0.181818182,0,0.3,83.1,1.5,6.75
0,0.076923077,0.076923077,0,0,68,0.3,6.75
0.214285714,0.071428571,0,0,1.1,87.4,0.3,6.75
0,0,0.090909091,0.090909091,0.5,90.4,0.3,6.75
0.066666667,0.333333333,0.066666667,0,0.9,82,0.1,6.75
0.333333333,0,0.111111111,0,1.7,81,0.1,6.75
0,0.090909091,0.181818182,0,0.5,83.4,0.3,6.75
0.214285714,0.142857143,0.071428571,0,1.6,78.6,0.7,6.74
0.3,0.2,0.2,0,1.3,60.9,0.5,6.74
0,0,0,0,0.4,81.5,1.6,6.74
0.166666667,0.166666667,0.5,0,0.8,83.6,0.5,6.74
0,0,0.071428571,0,1.6,88.6,0.4,6.74
0.071428571,0.071428571,0.214285714,0,0.5,89.4,1.1,6.74
0.1,0,0.3,0,0.6,77.9,0.8,6.74
0,0,0.285714286,0,0.3,90,0.7,6.74
0.166666667,0,0.333333333,0,1.5,91.9,1.3,6.74
0,0.071428571,0.071428571,0.071428571,0.5,81.5,0.8,6.74
0,0.083333333,0.416666667,0,0.8,87,0.7,6.74
0,0,0.066666667,0,0,72.6,0.2,6.74
0.333333333,0,0.111111111,0,1,81.7,0.9,6.74
0.071428571,0.142857143,0.285714286,0,0.4,84.5,2.4,6.74
0,0,0.166666667,0.166666667,0.8,84.4,1.9,6.74
0.153846154,0.153846154,0,0,0.8,77.3,0.6,6.74
0.066666667,0,0.133333333,0,0.6,75.7,2.4,6.73
0.090909091,0.454545455,0.363636364,0,1.2,78.2,0.4,6.73
0,0,0.083333333,0,0.8,88.4,0.8,6.73
0.153846154,0,0.153846154,0,2,84.6,0.6,6.73
0.153846154,0.307692308,0.076923077,0,1.5,74.5,1.1,6.73
0.076923077,0.076923077,0.230769231,0,1.2,81.1,0.6,6.73
0,0,0.214285714,0,0.3,80.5,0.9,6.73
0,0.066666667,0,0,0.2,88.7,2.3,6.73
0.2,0.066666667,0.2,0,1.9,73.4,0.7,6.73
0,0.071428571,0.142857143,0,0.4,81.6,0.7,6.73
0.333333333,0,0.083333333,0.083333333,1.7,80.1,1.6,6.73
0.214285714,0,0.285714286,0,1.8,73.8,3.1,6.73
0,0.076923077,0.076923077,0,0.8,80.2,0.7,6.73
0,0,0,0,0.3,86.6,2.1,6.73
0,0.071428571,0.285714286,0,0.6,78.9,2.1,6.72
0.266666667,0.133333333,0.066666667,0,2.3,79.7,0.8,6.72
0.166666667,0.166666667,0,0,1.8,78.4,0.6,6.72
0.083333333,0,0.083333333,0,0.2,81,1.8,6.72
0,0.066666667,0.066666667,0,0.4,75.6,0.9,6.72
0.083333333,0.083333333,0.333333333,0,1.1,71.2,1.1,6.72
0.083333333,0,0.166666667,0,1,84.2,0.8,6.72
0,0,0.357142857,0,0.6,84.5,0.8,6.72
0,0.214285714,0.214285714,0,0.6,71,0.7,6.72
0.071428571,0.142857143,0.142857143,0,1.4,80,0.4,6.72
0,0,0.153846154,0,1,93.6,0.2,6.72
0.2,0,0.4,0,1.9,86.5,0.3,6.72
0,0.1,0.3,0,0.4,85,1.1,6.71
0.066666667,0,0.133333333,0,1.1,85.7,0.3,6.71
0.4,0,0,0,1.6,70.5,2.5,6.71
0,0,0,0,0,77.5,0.3,6.71
0,0,0.111111111,0,1.6,72.7,0.6,6.71
0,0,0.25,0,0.3,79.8,1.3,6.71
0.153846154,0,0,0,0.5,92.4,1.6,6.71
0,0,0.166666667,0,0.3,85,2.7,6.71
0,0,0.133333333,0,0.9,84.3,0.4,6.71
0,0.214285714,0.142857143,0,0.1,80.7,0.8,6.71
0.071428571,0.071428571,0.357142857,0,0.2,82.9,1.9,6.71
0.307692308,0.076923077,0.153846154,0,1.2,78.4,0.2,6.71
0.111111111,0.111111111,0,0,0.3,81.8,0.3,6.71
0.071428571,0.142857143,0.142857143,0,1.1,86.2,0.6,6.71
0.133333333,0,0.266666667,0,0.7,86.5,0.9,6.71
0.071428571,0.071428571,0.214285714,0,1,82.2,0.6,6.71
0.076923077,0,0.384615385,0,0.3,86.4,1.5,6.71
0.153846154,0.153846154,0,0,1.4,82.1,0.2,6.71
0.071428571,0.071428571,0.214285714,0,1.1,83.4,0.5,6.71
0,0.266666667,0.133333333,0,0.7,74.6,0.5,6.7
0.066666667,0.133333333,0.066666667,0,0.7,78.7,0.7,6.7
0,0.153846154,0,0,2,82.9,1.8,6.7
0.076923077,0,0.153846154,0,1,80.2,0.7,6.7
0,0.066666667,0.2,0,1.3,76.6,0.3,6.7
0,0.071428571,0.142857143,0,0.6,87.2,2.6,6.7
0.076923077,0.076923077,0.307692308,0,1.7,86.5,0.9,6.7
0.071428571,0.071428571,0.071428571,0,1.4,74.9,0.4,6.7
0,0.071428571,0.285714286,0,1.1,80.8,1.7,6.7
0,0,0.066666667,0,0.4,86.3,1.8,6.7
0.083333333,0,0,0,0.8,87.8,0.3,6.7
0.428571429,0.071428571,0.285714286,0,1.9,68,0.8,6.7
0,0,0.071428571,0.071428571,0.2,85.4,1.4,6.7
0.090909091,0,0,0,0.4,86.1,0.8,6.7
0,0.076923077,0,0,0.5,90.6,1.2,6.7
0.071428571,0.071428571,0.142857143,0,1.1,87.9,0.6,6.7
0.066666667,0.2,0.133333333,0,0.5,77,0.3,6.7
0,0,0,0,0,63.1,0.2,6.7
0.083333333,0,0.333333333,0,0.4,85.7,1.6,6.7
0.2,0,0,0.1,0.4,88.2,1.6,6.7
0,0,0,0,0.1,87.3,0.3,6.7
0.153846154,0.076923077,0,0,2.2,86.6,0.1,6.7
0.076923077,0.230769231,0.153846154,0,0.8,71.6,0.2,6.69
0.090909091,0,0.181818182,0,0.5,75.7,0.9,6.69
0,0,0,0,0.3,91.1,1.6,6.69
0,0,0.111111111,0,0.8,85.7,1.8,6.69
0,0,0.214285714,0.071428571,0.1,82.7,1.1,6.69
0.066666667,0.066666667,0.066666667,0,0.3,86.5,1,6.69
0.133333333,0,0.066666667,0,0.8,73.9,1.5,6.69
0,0,0.2,0,0.2,84.3,2.5,6.69
0.071428571,0.071428571,0.285714286,0,0.8,64.2,3.4,6.69
0,0,0.2,0,0.2,76.2,0.7,6.69
0,0.071428571,0.142857143,0,0.3,84.2,1.7,6.69
0,0,0,0.1,0,68.3,0.1,6.69
0,0.222222222,0.111111111,0,0.6,94.7,1.1,6.68
0.3,0,0.1,0,1.3,74.9,0.6,6.68
0,0,0.153846154,0,0.2,81.2,1.2,6.68
0,0,0.1,0,0.8,79.6,0.6,6.68
0.214285714,0,0.142857143,0,1.2,86.8,0.6,6.68
0,0,0,0,0,54.9,0.1,6.68
0.181818182,0.090909091,0.181818182,0,1.1,81.2,1.3,6.68
0.166666667,0.083333333,0.333333333,0,1.2,84.1,0.3,6.68
0.071428571,0.142857143,0.285714286,0,0.2,87,0.4,6.68
0.142857143,0,0.357142857,0,0.7,92.1,1.3,6.68
0.25,0,0.166666667,0.083333333,1.2,82.3,1.7,6.68
0.153846154,0.153846154,0.076923077,0,1.5,68.2,1.5,6.68
0.083333333,0,0.5,0,0.6,80.4,1.5,6.68
0.25,0.083333333,0.25,0,1.5,75.9,0,6.68
0.076923077,0.307692308,0,0,0.8,68.5,0.2,6.68
0,0,0.066666667,0,0,59.2,0.3,6.68
0.142857143,0,0.285714286,0,1.2,72.6,1.1,6.68
0,0,0.444444444,0,0.2,88.4,1.1,6.68
0.214285714,0.214285714,0,0,2.1,86.1,0.1,6.68
0.214285714,0.142857143,0.285714286,0,1.2,69.1,0.9,6.67
0.266666667,0.133333333,0,0,1.4,60.7,2.1,6.67
0.153846154,0.076923077,0.153846154,0,0.9,89,1.1,6.67
0,0.153846154,0.384615385,0,0.6,79.5,1.5,6.67
0.2,0,0.5,0,1,87.7,0,6.67
0,0,0,0,0,83.1,0.1,6.67
0.111111111,0.333333333,0.222222222,0.111111111,1.2,73.8,0.2,6.67
0.181818182,0.181818182,0.272727273,0,1.4,67.1,0.6,6.67
0.066666667,0,0.133333333,0,0.5,81.8,2.3,6.67
0,0.076923077,0.230769231,0.076923077,0.2,87.4,1.1,6.67
0.071428571,0.071428571,0.285714286,0,0.4,85.3,0.7,6.67
0.4,0,0,0,1.4,55.7,2.4,6.67
0,0,0.142857143,0,0.4,88.2,0.8,6.67
0.133333333,0.133333333,0,0,0.9,79.4,0.9,6.67
0,0.142857143,0,0,0.7,85.6,0.1,6.67
0.111111111,0,0.111111111,0,0.3,85.4,1.2,6.66
0,0,0.142857143,0,0,69,0.1,6.66
0.142857143,0.142857143,0,0,2.1,81.6,0.8,6.66
0.25,0.083333333,0.166666667,0,0.3,86.6,0.4,6.66
0,0,0.133333333,0,0.3,77,0.7,6.66
0.230769231,0.076923077,0.076923077,0,0.7,85.6,0.2,6.66
0,0.071428571,0.071428571,0,0.6,87.1,0.5,6.66
0,0,0.071428571,0,0,59.6,0,6.66
0,0,0.272727273,0,0.1,91.4,0.7,6.66
0.076923077,0.076923077,0.230769231,0,1.7,79.8,0.9,6.66
0.181818182,0.090909091,0.181818182,0,1.6,77.2,0.5,6.66
0.222222222,0,0.111111111,0,0.6,93.9,0,6.66
0,0.090909091,0.181818182,0,0.1,92.5,0.5,6.66
0.066666667,0.066666667,0.133333333,0,0.5,86.8,1.8,6.66
0.076923077,0.076923077,0.230769231,0,0.7,77,1.7,6.66
0.230769231,0,0.230769231,0,1.7,80.1,2.2,6.66
0.2,0.133333333,0,0,1.2,84.2,0.2,6.66
0,0,0.066666667,0,0.5,82.9,0.5,6.66
0.4,0,0.1,0,1.1,73.9,0.1,6.66
0,0,0.5,0,0.5,66.2,2.6,6.65
0,0.2,0.2,0,0.3,84.9,0.4,6.65
0.071428571,0,0,0,0.7,86.2,2.3,6.65
0,0.1,0.3,0,0.4,88.8,2,6.65
0.2,0,0.1,0,1.2,80.6,0.4,6.65
0.25,0.25,0.416666667,0,1.6,75.8,0.5,6.65
0,0,0.230769231,0,0.3,88.5,0.2,6.65
0,0,0,0,0,69.6,0.2,6.65
0,0,0.214285714,0,0.2,89.4,1.4,6.65
0,0.071428571,0,0,0,86.6,0.3,6.65
0,0.066666667,0.266666667,0,0.4,89.3,1,6.65
0,0.090909091,0.454545455,0,0.8,77.5,1.5,6.65
0,0.071428571,0.071428571,0,0.4,83.4,1.6,6.65
0,0,0.133333333,0,0,73.8,0.3,6.65
0.071428571,0,0.142857143,0,0.3,81.2,1.4,6.65
0,0,0.166666667,0.166666667,0.4,88.5,1.3,6.65
0,0.083333333,0.083333333,0,0.8,82.8,1,6.65
0.071428571,0,0.142857143,0,0.2,88.9,1.1,6.65
0,0.066666667,0.266666667,0,0.5,84.9,1.7,6.65
0.066666667,0,0.133333333,0,0.9,75.4,0.5,6.65
0,0,0.230769231,0,0.4,76.9,3.1,6.65
0.076923077,0,0.076923077,0,1.6,84.2,0.2,6.65
0,0,0.384615385,0,0.3,86.6,1.4,6.64
0.214285714,0,0.428571429,0,1.6,77.2,0.6,6.64
0.25,0,0,0,1,58,2.8,6.64
0.181818182,0,0,0,2.5,70,2.4,6.64
0.066666667,0,0.2,0,0.4,80.4,1.3,6.64
0.083333333,0,0.166666667,0,0.5,84,1.9,6.64
0,0,0,0,0.4,85.8,1,6.64
0,0.076923077,0.153846154,0,0.5,75.1,0.6,6.64
0,0,0.1,0,0.5,88.5,0.7,6.64
0.25,0,0.083333333,0,0.6,80.1,0.1,6.64
0.133333333,0.066666667,0.066666667,0,1.7,72.5,0.5,6.64
0.090909091,0,0.272727273,0,0.5,76.8,0.9,6.64
0,0,0,0,0,73.1,0.2,6.64
0.3,0.1,0,0,1.2,83.3,0.4,6.64
0.090909091,0,0.090909091,0,0.5,78.7,2.2,6.64
0.133333333,0,0.2,0,0.9,76.5,0.3,6.64
0,0,0.066666667,0,0,67.8,0.2,6.64
0,0,0.357142857,0,1,82.1,1.9,6.64
0.133333333,0.066666667,0.066666667,0,0.9,77,1.1,6.64
0.266666667,0.066666667,0.2,0,1.5,76.8,2.1,6.64
0,0.083333333,0.25,0,0.2,86.2,1.5,6.64
0,0,0.3,0,0,85.5,0.8,6.64
0,0.066666667,0.066666667,0,0.5,80.3,0.6,6.63
0.214285714,0.071428571,0.071428571,0,2.2,72.1,0.4,6.63
0.230769231,0.076923077,0,0,1.2,68.4,1.1,6.63
0,0.090909091,0.363636364,0,0.6,79,0.9,6.63
0,0,0.071428571,0,0,76.3,0.2,6.63
0.071428571,0.071428571,0,0,1.4,83.4,0.1,6.63
0,0.142857143,0.071428571,0,0.4,79,1.4,6.63
0.090909091,0.090909091,0,0,0.7,82.6,0.5,6.63
0,0.153846154,0.153846154,0,0.2,75,0.5,6.63
0.071428571,0.071428571,0.285714286,0,1.5,88.3,0.1,6.63
0,0.1,0.3,0,0.9,76.5,2.4,6.63
0,0,0,0,0,63.2,0.2,6.63
0.153846154,0.153846154,0.076923077,0,1.5,76.2,0.3,6.63
0.1,0,0,0,0.2,86.5,2.4,6.63
0,0,0.307692308,0,0.1,89.1,0.2,6.63
0,0,0.2,0,0.3,77.8,2.5,6.63
0.066666667,0.066666667,0.066666667,0,0.4,85.7,0.5,6.63
0.416666667,0,0,0,2.1,65,2.1,6.63
0,0.153846154,0,0.076923077,1.1,77.4,0.2,6.63
0.230769231,0.153846154,0.230769231,0,1.3,77.9,1,6.63
0,0,0.066666667,0,0.1,85.9,1.5,6.63
0.142857143,0.214285714,0.071428571,0,1.9,72,2.3,6.63
0,0,0.214285714,0.071428571,0.4,81.2,0.9,6.62
0.133333333,0.066666667,0.2,0,0.5,72.9,1.4,6.62
0,0,0,0,0.3,82.6,0.3,6.62
0.307692308,0,0.307692308,0.076923077,1.4,77.7,0.1,6.62
0,0,0.1,0,0.6,82.9,2.9,6.62
0.066666667,0,0.066666667,0,1.9,79.3,0.5,6.62
0.416666667,0,0.083333333,0,1.5,84.9,0.1,6.62
0.166666667,0,0.25,0,1,88.7,1,6.62
0.076923077,0.153846154,0.384615385,0,0.7,84,1.1,6.62
0.142857143,0,0.142857143,0,1.1,79.7,0.1,6.62
0.142857143,0,0.142857143,0,1.5,65.3,2.6,6.62
0,0,0.142857143,0,0.4,93.6,1.3,6.62
0,0,0.384615385,0,0,82.3,0.8,6.62
0.153846154,0.153846154,0,0,1.2,83.4,0,6.62
0.090909091,0.090909091,0.181818182,0,0.3,61.3,2,6.62
0,0,0.222222222,0,0.1,82,1,6.62
0,0,0,0,0,62.3,0,6.62
0.090909091,0,0.090909091,0,0.3,92.7,0.3,6.62
0,0,0.1,0,0.1,83.8,1.6,6.62
0,0.083333333,0.083333333,0.083333333,0.8,82,1,6.62
0,0.076923077,0.153846154,0,1.3,80.4,1.1,6.62
0.142857143,0.071428571,0.142857143,0,2.1,73,1.6,6.62
0,0,0,0,0,57.4,0.5,6.61
0,0,0,0,0,67.2,0.1,6.61
0.071428571,0.142857143,0.071428571,0,0.6,80.7,1.4,6.61
0.083333333,0,0.25,0.083333333,0.4,72.8,1,6.61
0.071428571,0.071428571,0.071428571,0,1,76.2,0.9,6.61
0.4,0,0.1,0,1.1,77.9,0.2,6.61
0,0.222222222,0,0,0.1,89.5,0,6.61
0,0,0.133333333,0,0.3,86.6,2.5,6.61
0.076923077,0,0.307692308,0,0.8,65.3,0.4,6.61
0,0.083333333,0,0.083333333,0.4,85.5,0.8,6.61
0.333333333,0,0.25,0,1.8,65.3,1.4,6.61
0,0,0.153846154,0.076923077,0.2,82.3,0.8,6.61
0.076923077,0.076923077,0.076923077,0,0.8,86.3,0.4,6.61
0.181818182,0,0.272727273,0,0.8,84.8,0.1,6.61
0.090909091,0.090909091,0.090909091,0,0.2,82.9,0.4,6.61
0.076923077,0.307692308,0.307692308,0,0.2,84.7,0.9,6.61
0,0,0.076923077,0,0.3,81.1,2.6,6.61
0.2,0,0.133333333,0,1.9,69.6,1.5,6.61
0,0.076923077,0.230769231,0,0.2,79.1,1.3,6.61
0.166666667,0,0.083333333,0.083333333,1.1,68.8,1.3,6.61
0,0,0.071428571,0,0,63.2,0.4,6.61
0.142857143,0.142857143,0.071428571,0,1.1,74.2,0.2,6.61
0.214285714,0.214285714,0.142857143,0,1,79.3,0.2,6.6
0,0.066666667,0.133333333,0,0.5,83.6,2.1,6.6
0.214285714,0,0.285714286,0,2.1,67.8,0.9,6.6
0,0,0.111111111,0,0.4,80.1,1.2,6.6
0,0.111111111,0.222222222,0,0.6,91.4,0.2,6.6
0.142857143,0.071428571,0.357142857,0,0.8,75.6,1,6.6
0.066666667,0.133333333,0.133333333,0,0.8,81.6,0.5,6.6
0.222222222,0.222222222,0.222222222,0,1.4,77.9,0.4,6.6
0.066666667,0,0.133333333,0,0.5,89.1,1.6,6.6
0.214285714,0.142857143,0.142857143,0,1.3,67.4,0.7,6.6
0.214285714,0.071428571,0.214285714,0,1.3,67.7,1.5,6.6
0,0.090909091,0.272727273,0,0.7,76.6,1.8,6.6
0.1,0.1,0.2,0,0.9,68.3,0.6,6.6
0.076923077,0.307692308,0.076923077,0,1.5,82,0.4,6.6
0.083333333,0.25,0,0,1.2,79.5,0.1,6.6
0.133333333,0,0.133333333,0,0.7,80.2,0.3,6.6
0.1,0,0,0,0.3,80.2,2.2,6.6
0,0.076923077,0.230769231,0,0.7,81.4,0.8,6.6
0,0.090909091,0.272727273,0,0.7,89.9,0.9,6.6
0,0,0.3,0,0.2,82,1.2,6.6
0.222222222,0.111111111,0,0,1.3,84,0.3,6.6
0.214285714,0.071428571,0.428571429,0,1.2,72.9,0.4,6.6
0,0.083333333,0.166666667,0,0.4,76.5,0.2,6.6
0.090909091,0,0.090909091,0,1,64.5,0.3,6.6
0.076923077,0,0.230769231,0.076923077,0.5,85.2,1,6.6
0.071428571,0,0.357142857,0,0.6,86.6,0.8,6.6
0,0,0.25,0,0.1,83.4,2.8,6.6
0.083333333,0.083333333,0.083333333,0,0.8,87,0.3,6.59
0,0,0,0,0,74.1,0.1,6.59
0,0,0.357142857,0,0.9,75.1,1.3,6.59
0.1,0,0.2,0,0.4,79,1.6,6.59
0,0,0.222222222,0,0.2,83.5,1.1,6.59
0,0,0.153846154,0,0.5,79.3,0.8,6.59
0,0,0,0.071428571,0,63.1,0.4,6.59
0,0.071428571,0.357142857,0,0.9,73.2,0.8,6.59
0,0,0.307692308,0,0.2,78.7,1.7,6.59
0,0.333333333,0.111111111,0,0.3,81.9,0.2,6.59
0,0,0.214285714,0,1.1,81,0.6,6.59
0,0,0.285714286,0,0.4,83.2,2.8,6.59
0.111111111,0,0.222222222,0,0.8,76.4,1.8,6.59
0.214285714,0.071428571,0.071428571,0,0.8,83.8,0.1,6.59
0.076923077,0,0.153846154,0,1.3,83.6,1.5,6.59
0,0.076923077,0.076923077,0.076923077,0.5,80,2.2,6.59
0,0,0.076923077,0,1.2,78.9,0.4,6.59
0.466666667,0,0.266666667,0,2.3,80.4,1.4,6.59
0,0,0.133333333,0,0.7,85.9,1.3,6.59
0,0,0,0,0,73.5,0.1,6.59
0.166666667,0,0.25,0.083333333,1.3,86,0.6,6.59
0,0.083333333,0.083333333,0,1.3,76.1,0.9,6.59
0,0,0,0,0,72.1,0.3,6.59
0,0.181818182,0.454545455,0,0.7,82.8,0.8,6.59
0,0,0.066666667,0,0,47.6,0.7,6.59
0.111111111,0,0.111111111,0,1.3,90,0.2,6.59
0.090909091,0.181818182,0.181818182,0,1,82.9,0.6,6.59
0,0,0.25,0,0.7,75.8,1.2,6.59
0.2,0.1,0,0,0.7,83.2,0.2,6.58
0.181818182,0.090909091,0.090909091,0,2.4,76.1,0.2,6.58
0.076923077,0,0,0,0.3,86.3,1.4,6.58
0,0.181818182,0,0,1.6,76.3,0.2,6.58
0,0,0.066666667,0,0,64.1,0.3,6.58
0.2,0.2,0.133333333,0,2.4,71.3,0.3,6.58
0.153846154,0.076923077,0.230769231,0,1.6,60.2,1.8,6.58
0,0,0.384615385,0,0.2,80.6,2.6,6.58
0,0.133333333,0.066666667,0,0.4,88.9,0.4,6.58
0,0.083333333,0,0,0.3,85.3,0.9,6.58
0.166666667,0.083333333,0.25,0,0.8,80.1,0.5,6.58
0.083333333,0.083333333,0.083333333,0,0.9,88.6,1,6.58
0,0,0.545454545,0,0.5,84.3,2,6.58
0.357142857,0,0.214285714,0,1.7,74.6,0.9,6.58
0,0.153846154,0.153846154,0,0.4,86.3,0.5,6.58
0.2,0.1,0.2,0,1.7,73.7,2.3,6.58
0,0,0.416666667,0,0.6,86.3,0.3,6.58
0,0.083333333,0.25,0,0.5,87.1,0.3,6.58
0.222222222,0.111111111,0,0,0.9,69.4,0.7,6.57
0.230769231,0.076923077,0.230769231,0.076923077,1.2,79.7,0.6,6.57
0.071428571,0.142857143,0.071428571,0.071428571,0.6,85.1,0.9,6.57
0,0.066666667,0.266666667,0,0.1,88.5,0.8,6.57
0,0,0.4,0.1,0.9,77.3,1,6.57
0.2,0,0.2,0,1.8,67.6,2.1,6.57
0.071428571,0.142857143,0.142857143,0,1.4,79.5,0.3,6.57
0,0,0,0,0,69.9,0.2,6.57
0,0,0.133333333,0,0,57.5,0.1,6.57
0,0.066666667,0,0,0.5,75.6,1.2,6.57
0,0,0.153846154,0,0.7,85.8,0.3,6.57
0,0.071428571,0.142857143,0,0.5,80.6,0.6,6.57
0,0,0.1,0,0,88.8,1.2,6.57
0,0.166666667,0.416666667,0,0.3,86.8,0.4,6.57
0.090909091,0,0.090909091,0,0.2,79.9,1.1,6.57
0,0,0.272727273,0,0.1,92.8,2,6.57
0,0,0.357142857,0,0.3,89,1.2,6.57
0.133333333,0.133333333,0.266666667,0,0.7,84.6,0.3,6.57
0,0.066666667,0.2,0,1.3,82,0.1,6.56
0,0.2,0,0,1.4,82.7,0.3,6.56
0,0,0.384615385,0,0.5,88.7,0.2,6.56
0,0,0,0,0,82.2,0.2,6.56
0,0,0.272727273,0,0.2,87,1.1,6.56
0.25,0.166666667,0.25,0,1.7,68.7,0.2,6.56
0.1,0,0.1,0,0.9,86,0.4,6.56
0,0.181818182,0.181818182,0,1.1,74.9,1,6.56
0,0.111111111,0,0,0.2,89,0,6.56
0.133333333,0,0,0,2.3,74,0.7,6.56
0,0.1,0,0,1.8,77.9,0.3,6.56
0.066666667,0,0.2,0,0.4,88.4,1.1,6.56
0.090909091,0,0.272727273,0,2.2,73.1,2.3,6.56
0.071428571,0,0.071428571,0,1,70.3,0.4,6.56
0,0,0.230769231,0,0.2,83.1,1.1,6.56
0,0,0.307692308,0,0.1,75.1,1.1,6.56
0,0.133333333,0.133333333,0,0.2,80.9,0.3,6.56
0,0,0.166666667,0,1,86.6,0.3,6.56
0,0.153846154,0.153846154,0,0.5,78.6,0.2,6.56
0,0,0.066666667,0,0.7,84.5,1.3,6.56
0.214285714,0.142857143,0.071428571,0,1.7,80.3,0.3,6.56
0,0.071428571,0,0,1.1,75,0.4,6.56
0.111111111,0,0.222222222,0.111111111,0.8,89.2,2.8,6.55
0.076923077,0.076923077,0.307692308,0,0.7,81.4,0.3,6.55
0.153846154,0,0.230769231,0,0.4,84.6,0.5,6.55
0,0,0.266666667,0,1.2,79.6,0.9,6.55
0.1,0,0.3,0,0.4,87.2,1.2,6.55
0,0,0.083333333,0,1.2,82.2,0.8,6.55
0,0.153846154,0.384615385,0,0.5,82.4,0.2,6.55
0.142857143,0.142857143,0.142857143,0,1.5,84.9,0.4,6.55
0,0,0,0,0.3,83.4,2.3,6.55
0,0,0.1,0,0,66.9,0,6.55
0,0,0.333333333,0,0,76.1,1.9,6.55
0,0,0.066666667,0,0.5,89.1,0.7,6.55
0.153846154,0.153846154,0.076923077,0,1.3,60.9,0.2,6.55
0,0.25,0.083333333,0,0.8,81.5,0,6.55
0,0.076923077,0.230769231,0,0.3,82.6,0.2,6.55
0.307692308,0,0.153846154,0,1.5,75.8,0.2,6.55
0,0,0.272727273,0,0.2,88.1,1,6.55
0,0,0,0.083333333,0,78,0.1,6.55
0,0,0.25,0,0.7,85.4,0.9,6.55
0.071428571,0,0.285714286,0,0.6,89.7,2.2,6.55
0.076923077,0,0.230769231,0,0.8,85.8,0.9,6.55
0,0.076923077,0.307692308,0.076923077,0.3,79.5,1.6,6.55
0,0.1,0,0,0.2,77.2,0.3,6.55
0,0,0.272727273,0,0.4,81.2,1.1,6.55
0,0.071428571,0.428571429,0,0.5,78.3,2.1,6.54
0,0,0.142857143,0,0.4,84.7,0.7,6.54
0,0,0.142857143,0.071428571,0.6,83.2,2.4,6.54
0,0,0.142857143,0,0.3,82,0.8,6.54
0.142857143,0.071428571,0.071428571,0,1.9,83.3,0.1,6.54
0,0.153846154,0.076923077,0,0.5,64.9,0.5,6.54
0,0,0.230769231,0.076923077,0.3,81,2.3,6.54
0,0,0,0,0,70.2,0.3,6.54
0,0.090909091,0.363636364,0,0.5,80.3,0.4,6.54
0.071428571,0.214285714,0.214285714,0,0.6,90.2,0.3,6.54
0.133333333,0,0.133333333,0,1,85.4,0.5,6.54
0.111111111,0,0,0,0.8,82.3,0.2,6.54
0,0,0.2,0,0.6,84.4,0.1,6.54
0,0,0.076923077,0,0.5,77.6,0.3,6.54
0,0,0.230769231,0,0.1,83,1.7,6.54
0,0,0,0,0,65.5,0.1,6.54
0,0.076923077,0.230769231,0,0.2,79.9,0.6,6.54
0.071428571,0.071428571,0.071428571,0,0.2,85.3,1,6.54
0,0,0.153846154,0,0,69.4,0,6.54
0,0,0.416666667,0,0.5,82.3,1.5,6.54
0.25,0,0,0,0.9,86.8,0.3,6.54
0,0.090909091,0.181818182,0,0.4,87.8,1.2,6.54
0.133333333,0,0.133333333,0,1.6,64.6,1.9,6.54
0,0.142857143,0.142857143,0,0.4,75.1,1.6,6.54
0,0,0.111111111,0,0.2,85.1,0.2,6.54
0.083333333,0.083333333,0.166666667,0,0.7,84,0.2,6.54
0.066666667,0,0.266666667,0,0.4,89.3,1.7,6.54
0.071428571,0,0.071428571,0,1.1,84.5,0.6,6.54
0,0,0.142857143,0,0.4,79.2,1.2,6.54
0,0.2,0.2,0,0,78,0.4,6.54
0,0,0.214285714,0,0.9,80,0.6,6.54
0.071428571,0,0.071428571,0,0.4,77.2,1.1,6.53
0,0,0,0,0,60.4,0,6.53
0.111111111,0,0.333333333,0,0.3,89.1,0.6,6.53
0,0,0.090909091,0,0.1,75.5,1.9,6.53
0.083333333,0.083333333,0.083333333,0.083333333,0.7,81.3,0.5,6.53
0.4,0,0.1,0.1,2,66.5,2.4,6.53
0.071428571,0,0.071428571,0,0.5,85.8,2.1,6.53
0.076923077,0.153846154,0.153846154,0,0.9,84.6,0,6.53
0,0,0.1,0,0.3,88.1,1.4,6.53
0,0.166666667,0.083333333,0,0.6,83.8,0.1,6.53
0,0,0.071428571,0,0.6,86.4,1.4,6.53
0,0.076923077,0.230769231,0,1.3,80.7,1.8,6.53
0.133333333,0.066666667,0.066666667,0,0.6,83.2,0.3,6.53
0.111111111,0.222222222,0,0.111111111,1,67.6,0.7,6.53
0,0.083333333,0.333333333,0,0.1,87.8,0.7,6.53
0.272727273,0.090909091,0.181818182,0,1.9,78.5,1.8,6.53
0,0.153846154,0.230769231,0,0.3,86,0.7,6.53
0.066666667,0.133333333,0.266666667,0,0.6,77.8,1.3,6.53
0.071428571,0.071428571,0,0,1.1,81,0.4,6.53
0,0,0,0,0,88.1,0.5,6.53
0.222222222,0,0.111111111,0.111111111,1.1,84.1,1,6.52
0.090909091,0,0.181818182,0.090909091,0.6,81.8,0.6,6.52
0,0,0.181818182,0,0.3,90.3,1.7,6.52
0.066666667,0,0,0,1.1,81.3,0.6,6.52
0,0,0,0,0.8,82.7,0.4,6.52
0.083333333,0.166666667,0.083333333,0,0.8,79.8,0.4,6.52
0,0.142857143,0.142857143,0,0.6,82.2,1.1,6.52
0.2,0,0,0,1,87.3,0,6.52
0.2,0,0,0,0.6,93.5,0.1,6.52
0,0.083333333,0,0.083333333,0.2,71.2,1.1,6.52
0.214285714,0.071428571,0.071428571,0,1.5,75.2,0.6,6.52
0,0,0.071428571,0,0.6,91.5,0.4,6.52
0,0,0.142857143,0,0,67.1,0,6.52
0,0.1,0.3,0.1,0.6,80.8,0.3,6.52
0,0.2,0.2,0,1.3,75.4,0.4,6.52
0,0,0.214285714,0,0.3,83.5,0.9,6.52
0.153846154,0.153846154,0.461538462,0,1,80.3,0.5,6.52
0.2,0,0.3,0,0.7,76.4,0.1,6.52
0,0,0.2,0,0.7,71.2,2.7,6.52
0.133333333,0,0.2,0,0.9,82.6,1.8,6.52
0.3,0.2,0,0,0.9,70.1,1.8,6.52
0,0,0.076923077,0,0.3,83.8,0.6,6.52
0.076923077,0,0.076923077,0,1.1,83.8,0.3,6.52
0,0,0.133333333,0,0.3,86.4,1.3,6.52
0,0,0.083333333,0,0.3,73.5,1.3,6.52
0.2,0,0.066666667,0,1.3,60.2,1.9,6.52
0,0.1,0,0,0.4,83.4,0.4,6.52
0.2,0,0.2,0.2,0.5,86.9,1.6,6.51
0.444444444,0,0,0,1.8,64,1.2,6.51
0.111111111,0.111111111,0.111111111,0,0.3,82,1.3,6.51
0.166666667,0,0.25,0,1.3,72.5,0.8,6.51
0.076923077,0.076923077,0.076923077,0,0.9,79.5,0.8,6.51
0,0,0.066666667,0,0.3,77.1,0.7,6.51
0,0,0.2,0,0.1,75.1,1,6.51
0,0.181818182,0.090909091,0,1.3,81.3,0.8,6.51
0,0.076923077,0.153846154,0,0.7,76.1,0.8,6.51
0,0.111111111,0.111111111,0,0.3,88.7,1.9,6.51
0,0.142857143,0.142857143,0,0.2,83.6,0.5,6.51
0,0,0.142857143,0,0.3,73.7,3.9,6.51
0.1,0,0.1,0,2.1,79.3,0.1,6.51
0,0,0.066666667,0,0.4,84.7,1.4,6.51
0,0,0.133333333,0,0,54.5,0.3,6.51
0,0,0.416666667,0,0.5,81,3.1,6.51
0,0,0.2,0,0.1,72.8,1.2,6.51
0,0,0.083333333,0,0,57.5,0.3,6.51
0,0,0.444444444,0,0.3,83.1,0.4,6.51
0,0,0.266666667,0,0.5,85,0.7,6.51
0.384615385,0.076923077,0,0,1.2,67.9,0.8,6.51
0.071428571,0.142857143,0.071428571,0,0.7,79.5,0.8,6.51
0.230769231,0.076923077,0.230769231,0,0.8,76.1,0.9,6.5
0.133333333,0.066666667,0.066666667,0,0.5,63.6,4,6.5
0,0,0.111111111,0,0,75.7,0.3,6.5
0.090909091,0,0.272727273,0,0.4,74.4,0.4,6.5
0,0.083333333,0.083333333,0,0.3,80.8,1.5,6.5
0.071428571,0,0.142857143,0,0.4,85.5,1.7,6.5
0,0,0.153846154,0.153846154,0.2,89.1,0.9,6.5
0.222222222,0.111111111,0.444444444,0,0.6,84,0.3,6.5
0,0.071428571,0.142857143,0,1.5,69.2,1.1,6.5
0.266666667,0,0,0,0.7,60.3,2.5,6.5
0.111111111,0.222222222,0,0,0.9,96.5,0,6.5
0,0.230769231,0.153846154,0,1.1,82.9,0.2,6.5
0.1,0.1,0.1,0,1.5,70.9,0.8,6.5
0.076923077,0.076923077,0,0,1.8,69.3,0.9,6.5
0,0.076923077,0.076923077,0,1.1,76,0.5,6.5
0,0,0.166666667,0.083333333,0,89.7,1.3,6.5
0.090909091,0.090909091,0,0,0.5,84.1,0.5,6.5
0,0,0.3,0,0.2,81.2,1.3,6.5
0.071428571,0.071428571,0,0,2,63.6,1.3,6.49
0.2,0,0.1,0,0.9,74.2,0.3,6.49
0,0,0.153846154,0.076923077,0.2,74.6,2.3,6.49
0,0,0.076923077,0.076923077,0.9,74.5,2.8,6.49
0.214285714,0,0,0,1.4,82.9,0.1,6.49
0.25,0,0.166666667,0,0.8,80.4,0.5,6.49
0,0.25,0,0,0.8,80.4,0.1,6.49
0,0,0.076923077,0,0.9,86.5,2.5,6.49
0,0,0.222222222,0,0.8,85,0.7,6.49
0,0.153846154,0.307692308,0,0.3,80.5,0.9,6.49
0.153846154,0.153846154,0.076923077,0,1.2,72.7,0.3,6.49
0,0,0.090909091,0,0.8,89.6,0.3,6.49
0,0.181818182,0,0,0.8,67,0.6,6.49
0,0.066666667,0.066666667,0,0.3,82.6,0.1,6.49
0.153846154,0,0.230769231,0,2,83,0.1,6.49
0,0,0,0,0.1,89.4,2.2,6.49
0,0,0,0,0,68.5,0.1,6.49
0,0,0.071428571,0,0,71.3,0,6.49
0,0,0.1,0,0.7,82.7,0.7,6.48
0.111111111,0,0,0,0.6,87.7,0.1,6.48
0.083333333,0,0.166666667,0,0.7,72,0.8,6.48
0,0,0,0,0.3,84.9,0.2,6.48
0.2,0,0.1,0,0.7,69.7,1.1,6.48
0.090909091,0.181818182,0.181818182,0,1.9,71.9,0.7,6.48
0.2,0.066666667,0.066666667,0,1.1,75.4,0.5,6.48
0.083333333,0,0,0,0.3,74.1,0.5,6.48
0.083333333,0,0,0,0.8,89.9,0.8,6.48
0.111111111,0,0.111111111,0,1.4,69.1,2.1,6.48
0.083333333,0,0.166666667,0,0.4,77.6,1.2,6.48
0.1,0,0.1,0,0.2,78.6,1.7,6.48
0.071428571,0.071428571,0.214285714,0,1.4,79.3,0.4,6.48
0.083333333,0,0.083333333,0,0.6,92.8,1,6.48
0.133333333,0,0.333333333,0,0.5,77.9,0.5,6.48
0,0,0.153846154,0,0.6,76.6,1.4,6.48
0,0,0.153846154,0,0.1,83.6,0.8,6.48
0.2,0,0.1,0,0.9,82.4,0.8,6.48
0,0.142857143,0,0.071428571,1.6,75.1,0.7,6.48
0.066666667,0,0.066666667,0,0.4,84.3,0.8,6.47
0,0,0.230769231,0,0.5,88.6,2,6.47
0.090909091,0,0.181818182,0,0.4,86.8,0.5,6.47
0,0,0.071428571,0,0.9,85.2,0.4,6.47
0.1,0,0.1,0,1.1,88.2,2,6.47
0,0.3,0.1,0,0.3,85,0.2,6.47
0,0,0.090909091,0,0.1,83.8,0.6,6.47
0,0,0.153846154,0,0.3,81,0.8,6.47
0,0,0.230769231,0,0,54.2,0.1,6.47
0.071428571,0,0.071428571,0,1.1,61.1,0.5,6.47
0.090909091,0,0.272727273,0,1.2,77.3,1.6,6.47
0.2,0.133333333,0,0,0.9,79.6,0.3,6.47
0.142857143,0.071428571,0,0,2,68.8,0.4,6.47
0,0,0.1,0,0.2,81.4,0.1,6.47
0,0,0.214285714,0,0,67.8,0.2,6.47
0.090909091,0.090909091,0.090909091,0,0.5,72.3,0.4,6.47
0.230769231,0.076923077,0.153846154,0,1.2,79.1,0.4,6.47
0,0,0.083333333,0,0.8,81.2,2.3,6.47
0,0.090909091,0,0,0.3,77.2,0.5,6.47
0.111111111,0,0.111111111,0,0.7,83.8,0.8,6.47
0.1,0,0,0,0.9,81.3,0.3,6.47
0,0.083333333,0.083333333,0,1.3,81.2,0.7,6.46
0,0,0.181818182,0,0.2,87.7,1,6.46
0,0,0.083333333,0,0.2,83.9,1.2,6.46
0,0,0,0,0.4,83.9,0.4,6.46
0,0.1,0.1,0,0.5,69.1,0,6.46
0,0.066666667,0.066666667,0,1.1,72.8,1.1,6.46
0.076923077,0.153846154,0.076923077,0,0.9,82.6,0.5,6.46
0,0,0.076923077,0.153846154,0.4,84.5,1.2,6.46
0,0,0,0,0.5,76.3,0.8,6.46
0,0,0.133333333,0,0.2,83.8,1.8,6.46
0.090909091,0,0.090909091,0,0.2,85.6,0.3,6.46
0,0,0.363636364,0,0.2,82.9,1.3,6.46
0,0,0.230769231,0,0.5,74.4,0.5,6.46
0.133333333,0,0.2,0,1.6,69.5,0.3,6.46
0.071428571,0,0,0,0.9,79.3,0.4,6.46
0.076923077,0.076923077,0.230769231,0,1.7,71.6,1.7,6.46
0,0,0.214285714,0,0.4,77.8,2.6,6.46
0,0,0,0,0.6,89.2,1.3,6.46
0.076923077,0,0.076923077,0,0.2,82.8,0.8,6.46
0,0,0.266666667,0,0.7,84.8,0.4,6.46
0.076923077,0,0.230769231,0.153846154,0.6,83.3,1.6,6.45
0,0.066666667,0.266666667,0,0.2,80.2,0.8,6.45
0,0.1,0.1,0,0.5,76.5,0.5,6.45
0.2,0,0.133333333,0,2.3,63.3,1.3,6.45
0,0,0,0,0,67.8,0.1,6.45
0,0,0,0.071428571,0,69.9,0.2,6.45
0,0.3,0.2,0,0.5,78.8,0.3,6.45
0,0,0.111111111,0,0.4,75,1.1,6.45
0,0.1,0.1,0.1,0.9,77,0.8,6.45
0,0,0,0,0.1,84.1,1.2,6.45
0.153846154,0,0.230769231,0,1.9,66.7,0.9,6.45
0,0.214285714,0,0,0.4,79.4,0.5,6.45
0.111111111,0.222222222,0,0,0.7,87.4,0.1,6.45
0,0,0.428571429,0,0,89.5,0.3,6.45
0,0.153846154,0.230769231,0,0.6,82.9,0,6.44
0.133333333,0.066666667,0,0.066666667,1.2,81.7,0,6.44
0.111111111,0.333333333,0.111111111,0,0.8,76.6,0.4,6.44
0.2,0,0,0,0.4,87.5,1.8,6.44
0.071428571,0.214285714,0,0,1.3,74.9,0.1,6.44
0.214285714,0,0.142857143,0,2,75.4,1,6.44
0,0,0,0,0.1,80.4,0.9,6.44
0,0,0.133333333,0,0.8,73.9,0.4,6.44
0,0.083333333,0,0,0.4,78.8,0.6,6.44
0,0,0.153846154,0,0.8,78.1,0.9,6.44
0,0,0.222222222,0,0.2,83.3,1.6,6.44
0,0.076923077,0.307692308,0,0.5,78.3,0.3,6.44
0,0,0.166666667,0,1.5,73.9,0.2,6.44
0.090909091,0,0.090909091,0,1.7,61.6,2.5,6.44
0,0,0.3,0,0,58.1,0.2,6.44
0,0,0.428571429,0,0.6,71.7,3.1,6.44
0.333333333,0.111111111,0.222222222,0.111111111,1.9,63.8,1.2,6.44
0.166666667,0,0,0,0.8,88,0.5,6.44
0.111111111,0,0.555555556,0.111111111,0.4,78.8,1.6,6.44
0,0.142857143,0.142857143,0,0.1,72,0.7,6.44
0.083333333,0,0,0,0.7,73.1,1.4,6.44
0,0,0,0,1.7,74.4,0.1,6.44
0,0.153846154,0.076923077,0,0.5,86.5,0.6,6.44
0,0,0.066666667,0,0.1,60.2,0.2,6.44
0,0,0.416666667,0,0.1,74.5,2.5,6.44
0,0.153846154,0,0,1,72.5,0.2,6.43
0,0.083333333,0.166666667,0,0.5,85.9,0.3,6.43
0,0.1,0,0,0.3,72.8,0.4,6.43
0.166666667,0.083333333,0.083333333,0,1.4,76.3,1.5,6.43
0.230769231,0,0.230769231,0.076923077,1.8,80.5,0.4,6.43
0.4,0,0.2,0,1.3,75.9,0.5,6.43
0,0,0,0,0.8,84.8,0,6.43
0,0,0.357142857,0,0.4,83.4,1.8,6.43
0,0,0.083333333,0,0,72.8,0.3,6.43
0.181818182,0,0,0,1,83.2,0.4,6.43
0.2,0,0.2,0,1.9,68.3,1.2,6.43
0,0,0.083333333,0,0.1,69.5,0.4,6.43
0,0.142857143,0.142857143,0,0.3,71.6,0.6,6.43
0.083333333,0.083333333,0.25,0,0.4,84.4,0.6,6.43
0,0,0.133333333,0,0.5,92.1,0.9,6.43
0,0,0.181818182,0.090909091,0.5,78.3,0.6,6.43
0.071428571,0,0,0,0.4,80.9,0.6,6.43
0.071428571,0,0,0,0.3,63.2,0.9,6.43
0,0.142857143,0.071428571,0,0.6,75.7,0.6,6.43
0.1,0.1,0,0,0.7,72.4,0.2,6.43
0.076923077,0,0.076923077,0,0.2,88.3,1.5,6.43
0.076923077,0,0.384615385,0,0.3,86,1.8,6.43
0,0,0.071428571,0,0.1,75.6,1.1,6.42
0.133333333,0.066666667,0.066666667,0,0.5,77.2,0.5,6.42
0.090909091,0.090909091,0,0,0.5,58.6,1.5,6.42
0.076923077,0,0.230769231,0.076923077,0.6,84.5,1.1,6.42
0,0,0.166666667,0,0.4,70.4,0.8,6.42
0,0.181818182,0.181818182,0,1.1,78.5,0.3,6.42
0,0.083333333,0.166666667,0,0.2,85.6,0.5,6.42
0,0,0,0,0.2,83.9,1,6.42
0,0,0.133333333,0,0.3,85.8,1.5,6.42
0.1,0.1,0,0,0.6,58,2,6.42
0,0,0.285714286,0,0.6,86.7,1.4,6.42
0.1,0.2,0.2,0,0.6,65.4,0.5,6.42
0,0,0.384615385,0,0.2,72.9,0.7,6.42
0,0,0.111111111,0,0.2,67.4,1.1,6.42
0,0,0.083333333,0,0.1,80.7,0.6,6.42
0.1,0,0.1,0,0.5,83.2,0.2,6.41
0.076923077,0.153846154,0,0,1,86.6,0.2,6.41
0,0,0.071428571,0,0.2,75.1,1.2,6.41
0.2,0.2,0,0,1.1,68.1,0.6,6.41
0.166666667,0,0.083333333,0,1.6,76.5,1.3,6.41
0,0.2,0.3,0,1.6,68.6,1.7,6.41
0,0.083333333,0.083333333,0,0.1,85.7,0.4,6.41
0,0,0.083333333,0,0.4,68.6,1.8,6.41
0.071428571,0,0.214285714,0,0.8,65.3,1,6.41
0,0.214285714,0.214285714,0,0.6,65.2,0.5,6.41
0.166666667,0.166666667,0.166666667,0,0.4,85.8,0.3,6.41
0.1,0,0.1,0,1.5,71.6,3.1,6.41
0,0.090909091,0.090909091,0,0,69.8,0.3,6.41
0,0,0.230769231,0,0.1,82.8,1.8,6.41
0.076923077,0.076923077,0.153846154,0,0.6,74.2,0.9,6.41
0.066666667,0.066666667,0.133333333,0,1.1,68.9,0.2,6.41
0.083333333,0,0,0,1,54.7,2.8,6.41
0.090909091,0.090909091,0.272727273,0,0.7,82.7,0,6.41
0,0,0.222222222,0,0.1,91.1,1.4,6.41
0.066666667,0.066666667,0.2,0,0.9,77.9,1.4,6.4
0,0.083333333,0.083333333,0,0.8,73,0,6.4
0,0,0.222222222,0,0.1,84.1,0.4,6.4
0,0,0.272727273,0,1.1,75.4,0.5,6.4
0.076923077,0,0,0,1.2,74.5,0.7,6.4
0,0,0,0,0,76.4,0.3,6.4
0,0,0,0,0.4,78,0.2,6.4
0.230769231,0.076923077,0,0,1.2,74.8,0.5,6.4
0,0,0.307692308,0,0.5,76.4,0.5,6.4
0.222222222,0,0.111111111,0,2.7,71.4,1.2,6.4
0,0.090909091,0,0,1,67.5,0.5,6.4
0,0.071428571,0.142857143,0,0.8,80.7,0.1,6.4
0,0,0.357142857,0,0.3,86.2,1.3,6.4
0,0.153846154,0.153846154,0,1.2,83.1,0.3,6.4
0,0,0,0,0.1,77.7,0.4,6.4
0,0.083333333,0.083333333,0,1.2,73.6,0.2,6.4
0,0.090909091,0.181818182,0,0.7,83.4,0.4,6.39
0.133333333,0,0.266666667,0,1.1,54.5,2.8,6.39
0.1,0,0.2,0,2.5,76.6,1.5,6.39
0.230769231,0.076923077,0.076923077,0,0.7,73,0.3,6.39
0.090909091,0,0.272727273,0,0.1,83.1,1.5,6.39
0,0,0.222222222,0,0.8,85.7,0.4,6.39
0,0.076923077,0.076923077,0.076923077,1.2,84.1,0.6,6.39
0.090909091,0.090909091,0.090909091,0,0.5,54.8,0.7,6.39
0.230769231,0,0,0,1.8,74.1,0.1,6.39
0.272727273,0,0.090909091,0,1.7,73.9,1.5,6.39
0.071428571,0,0.214285714,0,1.1,82.1,1.1,6.39
0,0,0,0,0.3,82.6,0.7,6.39
0,0,0.272727273,0,0.3,92.9,1.8,6.39
0,0,0.538461538,0,0.4,90.8,0.3,6.39
0.142857143,0.071428571,0.071428571,0,1,56.6,1.1,6.39
0,0,0.285714286,0,0.9,76.3,0.4,6.38
0.083333333,0.083333333,0.083333333,0,1.6,75.1,0.6,6.38
0,0,0.222222222,0,0.7,94.6,0.1,6.38
0,0.083333333,0.166666667,0,0.3,70.5,0.7,6.38
0,0,0.357142857,0,0.5,60.1,1.4,6.38
0.090909091,0.090909091,0.181818182,0,0.4,84.9,0.2,6.38
0.090909091,0,0,0,0.5,90.3,0,6.38
0,0.1,0.4,0,0.1,70.1,1.9,6.38
0.111111111,0,0.111111111,0,0.4,75.3,0.6,6.38
0,0,0,0.090909091,0.2,86.6,1.2,6.38
0,0,0.307692308,0,0.4,85.5,1.2,6.38
0,0.222222222,0,0,0.6,80.9,0.3,6.38
0.090909091,0,0.181818182,0,1.3,81.3,0.1,6.38
0.222222222,0,0.111111111,0,1,79.3,0.8,6.38
0,0,0,0,0.5,89.1,0.8,6.37
0.111111111,0,0.111111111,0,0.7,81.5,0.1,6.37
0,0.166666667,0.083333333,0,1.1,81.1,0.3,6.37
0.066666667,0.066666667,0.066666667,0,1.6,85.4,0.2,6.37
0,0,0.166666667,0,1.3,82.4,0.3,6.37
0,0.166666667,0.083333333,0,0.3,82.3,0.3,6.37
0,0,0.222222222,0,0.1,82.2,2.7,6.37
0,0,0.25,0,0.4,85.1,1.8,6.37
0.083333333,0.166666667,0.166666667,0.083333333,0.8,80.1,0.7,6.37
0,0,0.111111111,0,0.8,75.8,0.6,6.37
0,0,0.333333333,0,0.3,80.7,2.3,6.37
0,0,0.111111111,0.111111111,0.7,80.7,2.3,6.37
0.083333333,0.083333333,0,0,0.3,75.3,0.9,6.37
0.142857143,0.071428571,0.142857143,0,1,70.5,0.7,6.37
0,0,0,0,0.2,85.3,0.4,6.37
0,0,0.076923077,0,0.2,87.4,0.5,6.37
0,0,0.133333333,0,0,59.1,0.1,6.37
0,0,0.133333333,0,0.5,67,0.8,6.37
0.083333333,0,0.166666667,0,0.5,76.1,0.1,6.37
0,0,0,0,0.6,88.2,0.4,6.36
0.2,0.1,0.1,0.2,1.1,81.7,0.7,6.36
0,0.076923077,0.384615385,0,0.8,71.8,1.7,6.36
0,0.2,0.133333333,0,0.7,64.6,1.3,6.36
0,0,0.153846154,0,0.7,70.9,0.9,6.36
0,0,0.307692308,0,0.1,81.2,0.4,6.36
0.142857143,0,0.285714286,0,1.6,69,0.1,6.36
0,0,0.444444444,0,0.6,80.8,0.6,6.36
0,0,0.272727273,0.090909091,0.4,84.5,1.1,6.36
0.090909091,0,0.181818182,0,0.6,79.7,0.2,6.35
0,0,0.111111111,0,0.2,80.3,1.2,6.35
0.076923077,0.076923077,0.076923077,0,1.8,66.4,0.5,6.35
0.071428571,0.071428571,0,0,1.1,77.5,0.1,6.35
0.066666667,0.266666667,0.066666667,0,0.8,59.3,0.8,6.35
0,0,0.25,0,0,70.6,0.3,6.35
0,0,0.181818182,0,0.4,73.8,0.3,6.35
0,0,0.1,0,0.1,75.7,0.9,6.35
0,0,0.181818182,0,0.3,80.4,0.7,6.35
0.142857143,0,0.214285714,0,1.4,71.8,1.4,6.35
0,0,0.153846154,0,0.5,82.1,0.7,6.35
0,0,0.1,0.1,0.2,92.4,1.2,6.35
0.222222222,0.111111111,0.111111111,0,0.8,85.7,0.3,6.34
0,0,0.222222222,0,0.7,76.6,1,6.34
0,0.076923077,0.076923077,0,1.1,72.1,0.2,6.34
0.083333333,0,0.166666667,0,0.8,79.9,0.6,6.34
0.071428571,0,0.071428571,0,0.6,83.8,0.2,6.34
0.071428571,0.071428571,0.142857143,0,0.7,76.9,0.5,6.34
0,0,0.272727273,0,0.5,80.5,0.7,6.34
0,0.1,0,0,0.7,78.1,0.6,6.34
0,0,0,0,0.2,79.7,0.8,6.34
0,0.083333333,0.333333333,0,0.8,83.6,0.7,6.34
0,0,0.066666667,0,0.3,75.9,1.1,6.34
0,0,0.1,0,0.4,77.2,0.6,6.34
0.066666667,0.066666667,0,0,0.8,66.9,0.1,6.34
0,0,0,0,0.7,76.2,0.4,6.34
0,0,0.4,0,0.3,89.8,0.6,6.33
0,0,0.272727273,0,0.7,80.3,1.5,6.33
0.076923077,0.076923077,0.076923077,0,0.5,79.2,0.2,6.33
0.066666667,0,0,0,1.3,78.7,0.1,6.33
0,0,0.4,0,0.6,79.9,0.8,6.33
0.230769231,0.153846154,0.153846154,0,1.2,70.4,1,6.33
0.090909091,0,0.181818182,0.090909091,1.4,66.7,0.9,6.33
0,0,0.066666667,0,0,78.7,0,6.33
0.166666667,0.083333333,0.166666667,0.083333333,1.9,60.9,0.5,6.33
0,0.090909091,0,0,0.1,82.8,1.2,6.33
0,0.111111111,0,0,1.2,66.7,0.9,6.33
0.071428571,0.071428571,0.071428571,0,1.1,75.2,0.6,6.33
0,0,0,0.083333333,0.3,79.1,1.3,6.33
0,0,0,0,0,82.4,0.1,6.33
0.166666667,0.25,0.166666667,0.083333333,0.8,67.6,1,6.33
0.090909091,0,0.090909091,0,0.6,68.5,1,6.33
0,0,0.416666667,0,0.2,84.3,0.6,6.32
0,0,0,0,0,79.9,0.3,6.32
0,0,0.090909091,0,0.2,82.5,0.6,6.32
0.214285714,0.071428571,0.214285714,0,1.8,63.5,0.9,6.32
0.153846154,0,0,0.076923077,0.7,75.2,1.5,6.32
0,0,0.181818182,0,0.5,87.4,0.5,6.32
0,0,0.111111111,0,0.8,62.6,0.4,6.32
0,0,0.2,0,0.6,86.9,0.5,6.32
0,0,0.083333333,0,0.7,69.7,0.8,6.32
0.071428571,0.071428571,0.071428571,0,1.6,76.7,0.1,6.32
0,0.083333333,0,0,0.3,75.6,0.4,6.32
0.076923077,0,0,0,1,63.2,0.5,6.32
0,0.076923077,0.153846154,0.076923077,0.5,63.1,0.5,6.32
0,0,0,0,0,56,0.1,6.32
0,0,0.2,0,0.2,87.7,0.5,6.32
0,0,0.1,0,0.9,81.6,0,6.31
0.076923077,0,0,0,1.5,83.7,0.2,6.31
0,0,0.181818182,0,0.1,85.2,0.6,6.31
0,0.1,0,0,0.2,79.3,0.6,6.31
0.076923077,0,0,0,0.2,70,0.5,6.31
0,0.111111111,0,0,0.2,77.2,0,6.31
0,0,0.285714286,0,0.1,81.2,1.7,6.31
0,0,0.266666667,0,0.3,91.2,0.2,6.31
0.090909091,0.090909091,0.090909091,0,1.1,76.6,0.9,6.31
0,0,0,0,0.6,83.4,0.6,6.31
0.071428571,0,0.142857143,0,1.2,74.9,0.9,6.31
0.076923077,0.076923077,0.076923077,0,0.5,62.1,1.7,6.31
0,0.076923077,0.230769231,0.076923077,0.1,81.8,0.5,6.31
0,0.076923077,0.307692308,0,1.1,85.6,0.4,6.31
0.111111111,0,0,0,0.8,78.8,0.3,6.31
0,0,0.230769231,0,0.2,83.4,1,6.31
0,0.083333333,0.333333333,0,1.3,91.3,0.2,6.31
0.076923077,0.076923077,0.153846154,0,0.8,83,0.4,6.31
0,0,0.083333333,0,0.2,84.3,0.3,6.31
0,0.076923077,0.153846154,0,0.2,90.8,0.3,6.31
0.1,0.1,0.1,0,1.1,87.2,0.6,6.31
0,0,0.181818182,0,0.3,49.5,4.3,6.3
0.090909091,0,0.090909091,0,1.5,55.1,2.2,6.3
0,0.230769231,0.384615385,0,0.6,84.1,0.4,6.3
0,0,0.076923077,0,0.7,75,0.2,6.3
0,0,0,0,0.1,79.1,0.3,6.3
0,0,0.2,0,0.3,84.4,0.3,6.3
0,0,0.090909091,0,0.2,91.1,0.6,6.3
0.071428571,0.142857143,0.142857143,0,0.4,56.9,1.9,6.3
0.090909091,0.090909091,0.363636364,0,1.2,73.1,1.8,6.3
0.272727273,0,0.181818182,0,0.5,62.2,1.2,6.3
0,0.1,0,0,0,80.3,0,6.29
0,0.071428571,0.071428571,0,0.8,92.4,0.5,6.29
0,0.083333333,0.416666667,0,0.7,70.1,1.2,6.29
0,0,0,0.1,0.3,91.2,1,6.29
0.066666667,0.066666667,0.266666667,0,0.6,70.9,0.2,6.29
0.076923077,0.076923077,0.076923077,0.076923077,0.5,76.8,0.5,6.29
0,0,0.25,0,0.2,86.4,0.8,6.29
0,0,0.222222222,0,0.3,74.1,0.1,6.29
0,0,0,0,0.3,76.8,0.8,6.29
0,0,0.090909091,0.090909091,0.7,82.6,0.6,6.28
0.071428571,0,0.142857143,0,0.9,81.8,0.4,6.28
0,0,0.272727273,0,0.5,81,0.4,6.28
0,0.111111111,0.111111111,0,0.4,88.6,0,6.28
0,0,0.071428571,0,0.6,80,0.3,6.28
0,0.111111111,0.222222222,0,0.2,73.6,0,6.28
0,0,0.181818182,0,0.5,84.1,0.2,6.27
0.111111111,0,0.111111111,0.111111111,0.4,88.5,0.8,6.27
0,0.111111111,0,0.111111111,0.4,82.3,0.2,6.27
0.153846154,0.076923077,0.076923077,0,2.1,63.2,0.4,6.27
0.153846154,0,0.153846154,0,0.9,73.7,1.2,6.27
0,0,0.6,0,0.2,80.2,0,6.27
0,0,0.333333333,0,0.2,84.2,1.2,6.27
0,0,0,0,0.4,84.8,0.4,6.27
0,0,0.214285714,0,0.4,91.6,0.1,6.27
0,0.071428571,0,0,0.4,82.3,0.3,6.27
0,0.090909091,0.181818182,0,0,83.1,0.5,6.27
0,0,0.153846154,0,0.9,89.5,0.3,6.26
0,0,0.333333333,0,0.4,71.2,0.8,6.26
0,0.111111111,0,0.111111111,0.7,77.6,1,6.26
0.1,0.1,0,0,0.8,73.8,0.5,6.26
0.083333333,0,0,0,0.5,62.3,0.8,6.26
0,0,0.1,0,0.5,77.4,0.5,6.26
0,0,0.4,0,0.3,88.8,0.5,6.26
0.1,0,0.1,0,1.3,82.1,0.5,6.26
0.1,0,0.1,0.1,1.5,56.3,1.4,6.26
0,0,0.1,0,0.2,80.9,0.3,6.26
0,0,0,0,0,79.4,0.1,6.26
0.071428571,0,0,0,0.7,89.3,0.1,6.26
0.076923077,0.076923077,0,0,0.5,72.7,0.2,6.26
0.076923077,0,0.076923077,0,0.9,83.2,0.2,6.25
0,0,0.181818182,0.181818182,0.5,84.1,0.6,6.25
0,0,0,0,0.1,83.6,1.2,6.25
0,0,0.083333333,0,0.3,83.6,0,6.25
0.142857143,0,0,0,0.6,72.2,0.5,6.25
0.076923077,0.076923077,0.076923077,0,0.8,82.8,0.3,6.25
0,0,0.357142857,0,0.7,77.1,0.5,6.25
0,0.1,0.1,0,0.8,69.6,1.2,6.25
0,0,0,0,0.4,77.7,0,6.25
0.1,0,0,0,0.8,70.9,0.8,6.25
0,0,0.181818182,0,0.2,75.3,0.5,6.25
0.076923077,0,0.076923077,0.153846154,0.3,86.2,1.7,6.24
0,0,0.142857143,0,1.2,85,0.3,6.24
0,0.076923077,0.307692308,0,0.4,80.1,0.2,6.24
0.1,0,0,0,0.6,50,0.1,6.24
0,0,0.133333333,0,0.4,87.4,1.1,6.24
0.090909091,0,0.272727273,0,2,69,0.4,6.24
0.230769231,0,0,0,1.2,78.3,0.5,6.24
0,0,0.111111111,0.111111111,0,84.6,0.9,6.24
0.111111111,0,0.111111111,0.111111111,0.2,84.4,1.4,6.24
0,0.071428571,0,0,0.3,62.1,0.6,6.24
0.1,0,0.1,0,0.5,62.8,0.2,6.24
0,0,0.25,0,0.1,77.8,0.8,6.24
0.1,0,0.1,0,0.4,81.6,2,6.24
0,0,0.333333333,0,0.3,81.3,0.7,6.24
0,0,0.071428571,0,0.4,74.9,0.9,6.24
0,0,0.1,0,0.1,86.9,0.3,6.24
0.071428571,0,0,0,0.4,63.2,1.1,6.24
0,0,0.111111111,0,0.9,62.3,0.1,6.23
0.133333333,0,0.133333333,0,1.3,61.3,0.7,6.23
0,0.111111111,0.222222222,0,0.1,67.3,0.7,6.23
0.071428571,0.071428571,0.071428571,0,0.3,65.4,0.9,6.23
0.2,0,0,0,0.6,72.1,0.4,6.23
0,0.1,0.1,0,0.4,84.5,0.4,6.23
0,0.111111111,0.222222222,0,0.2,84.6,1.6,6.23
0.076923077,0,0.153846154,0,0.7,83.3,0.4,6.23
0,0.1,0.1,0,0.4,85.4,0.4,6.23
0.222222222,0,0,0,0.9,72.8,0,6.23
0,0,0,0,0.8,87,0.6,6.23
0,0,0.090909091,0,0.5,85.6,0.2,6.23
0,0,0.166666667,0,1.1,67.9,2.7,6.22
0,0,0.166666667,0,0.8,68.8,0.9,6.22
0,0,0,0,0.1,84.9,0.5,6.22
0,0,0,0,0.5,89.6,0.2,6.22
0,0,0.214285714,0,0,66.3,0.9,6.22
0.166666667,0,0.166666667,0,1.1,73.4,1,6.22
0.071428571,0.071428571,0,0,0.7,74.8,0.3,6.22
0,0,0.111111111,0,0.4,67.4,1,6.22
0,0,0.090909091,0.090909091,0.8,61.5,2,6.22
0,0,0,0,0.9,59.5,0.7,6.22
0,0.142857143,0.071428571,0,0.9,89.8,0.1,6.22
0,0,0.111111111,0,0.4,68.4,1,6.22
0.142857143,0,0.142857143,0,0.2,59.2,1.6,6.22
0.2,0,0.1,0.2,1.3,65,3.2,6.22
0.090909091,0,0.181818182,0,0.5,76.4,0.7,6.21
0,0,0.090909091,0,0.5,81.3,0.5,6.21
0,0,0.307692308,0,0.9,77.3,0.4,6.21
0.083333333,0,0.083333333,0,0.3,84,0.2,6.21
0,0.142857143,0.071428571,0,0.2,78.2,1.1,6.21
0.083333333,0,0,0,0.7,73.1,0.3,6.21
0.153846154,0,0.153846154,0,1.2,83.4,0.2,6.2
0,0,0.1,0.1,0,63.2,0,6.2
0.090909091,0,0.181818182,0,1,67.2,0.9,6.2
0.1,0,0,0,1.1,74.7,0.4,6.2
0.1,0,0.2,0,1.8,55.2,0.6,6.2
0,0,0.454545455,0,0.2,83.3,0.8,6.2
0,0,0.285714286,0,0.6,81.7,0.3,6.2
0,0,0.3,0.1,0.9,79.2,0.7,6.2
0.083333333,0,0.083333333,0,0.8,82.4,0.3,6.2
0,0,0,0,0.7,84,0.2,6.2
0.1,0.1,0,0,1,81.4,0,6.19
0.090909091,0,0,0,0.8,67.9,0.4,6.19
0,0,0.1,0,0.6,85.9,0,6.19
0,0,0,0,0.8,72,0,6.19
0.076923077,0.153846154,0.076923077,0,2.5,57.8,0.5,6.19
0,0,0.076923077,0,0.8,80,0.1,6.19
0,0,0,0,0.8,75.8,0.4,6.19
0,0,0.214285714,0.071428571,0.4,81.5,0.6,6.19
0.090909091,0,0,0,0.5,75,0.2,6.19
0.090909091,0,0,0,1.3,77.4,0.4,6.19
0,0,0.333333333,0,0.2,77.1,0.2,6.19
0,0,0.111111111,0,0.8,58.3,1.4,6.19
0,0,0.111111111,0,0.3,80.1,0.9,6.19
0.166666667,0,0,0,0.8,54.7,1.3,6.18
0,0,0.222222222,0,0.3,83.6,0.2,6.18
0,0,0,0,1,74.4,0.7,6.17
0,0,0.272727273,0,1,84.7,0.5,6.17
0,0,0.2,0.1,0.2,90.6,1.6,6.17
0.111111111,0.111111111,0.222222222,0,0.9,73.8,0.6,6.16
0,0,0.083333333,0,0.3,76.3,0.8,6.16
0,0.071428571,0.142857143,0,0.2,82.9,0.1,6.16
0,0,0.090909091,0,0.1,81.7,0.1,6.16
0,0,0.307692308,0,1.3,81.1,0.5,6.16
0,0,0,0,0.2,87.1,0.1,6.16
0,0,0,0,0.7,56.8,0.4,6.16
0,0,0.1,0,1.6,56.6,1.5,6.16
0,0.1,0.1,0,0.4,67.8,0.8,6.16
0.066666667,0,0,0,1.3,71.9,0.4,6.16
0,0,0.076923077,0,0.3,76.9,0.3,6.15
0,0,0.2,0,0.2,60.5,0.1,6.15
0,0.090909091,0,0,0.5,72.7,0.1,6.15
0,0,0,0,0.7,74.3,1.3,6.15
0,0.090909091,0.090909091,0,0.7,76.5,0.5,6.15
0,0,0.307692308,0,0.2,81.4,0.7,6.15
0,0,0,0,0.1,81.7,0.1,6.14
0,0.2,0,0,0.3,85.3,0.1,6.14
0,0,0.090909091,0,0.3,75,0.1,6.14
0,0,0,0,0.8,69.6,0.5,6.14
0,0,0,0,0.2,89.8,0.1,6.13
0,0,0,0,0.7,80.4,0.2,6.13
0.076923077,0.076923077,0.153846154,0,1.7,67.9,1.2,6.13
0,0,0.111111111,0,0.7,84.6,0,6.12
0,0,0.222222222,0,1.3,68.5,1.3,6.12
0.083333333,0,0.25,0,0.2,81.6,0.3,6.12
0,0,0,0,0.8,82.9,0.6,6.12
0,0,0.076923077,0,0.1,75.8,0.2,6.12
0.111111111,0,0.111111111,0,1.2,78,0.1,6.11
0,0.1,0,0,1.7,74.7,0.6,6.11
0,0,0.2,0,0.3,80.4,0.1,6.11
0,0,0.307692308,0.076923077,0.2,84.4,0.7,6.11
0,0,0,0,0.3,52.9,0.3,6.11
0,0,0,0,0.2,66.9,0.4,6.1
0,0,0.111111111,0,0.2,75.9,0.4,6.1
0,0,0.181818182,0,0.4,85.5,1.4,6.09
0,0.090909091,0.090909091,0.090909091,0.5,71.4,0.5,6.08
0,0.083333333,0,0,0.6,78.2,0.9,6.08
0,0,0,0,0,81.8,0.1,6.08
0,0,0.142857143,0,0.1,84.3,0.6,6.08
0,0.1,0.2,0,0.4,78.9,0,6.07
0,0,0.166666667,0,1.4,70,0.4,6.06
0,0,0,0.090909091,0.5,79.2,0.3,6.05
0,0,0.111111111,0,0.6,58.6,0.4,6.05
0,0,0,0,0.4,67.4,0,6.04
0,0,0,0,0.5,76.5,0.1,6.04
0,0,0.111111111,0,0.8,87.2,0.3,6.04
0,0,0,0,0.4,58.9,0.4,6.04
0,0,0.1,0,0.1,80.9,0.2,6.04
0.076923077,0,0.153846154,0,0.5,70,0.1,6.01
0,0,0.272727273,0,0.2,64.9,0.2,5.98